David Young,743-107-8251,33.5156072,-111.9589589,B+,1
Vincent Cremeans,367-391-1765,33.58089392,-112.1505082,AB+,1
Jason Munoz,561-723-7137,33.62814857,-112.0049671,AB-,1
Becky Oconnor,257-511-0139,33.52506713,-112.0704588,AB-,1
Mickey Chavez,732-421-0985,33.36180673,-111.9890845,A+,0
Amanda Sanchez,748-758-5125,33.42295486,-112.1551868,O-,0
Mark Frye,204-314-6004,33.4395477,-112.0610501,O-,1
Erin Tabor,842-172-3112,33.62830926,-112.1387737,AB-,0
Laverne Nardone,967-295-8605,33.58871187,-112.1569722,O-,1
Jasper Beals,484-287-4215,33.36006192,-112.1267518,O+,1
Jerry Gonzalas,858-349-6741,33.540797,-112.031934,B+,0
Janet Tomasek,719-166-3729,33.30039626,-111.9930014,O-,0
Douglas Cook,212-706-6707,33.37919841,-112.1916716,A+,1
Steven Tomlin,629-205-0580,33.34682051,-112.1064957,A-,0
Corina Pineda,741-759-5781,33.48365163,-111.9474261,AB+,1
Frank Chung,166-305-0731,33.61812958,-112.0642264,AB-,1
Martin Vierra,499-485-1390,33.57748541,-112.1767544,A-,1
Tomasa Brown,691-231-6834,33.55203667,-112.152781,O-,1
Mary Smith,667-577-8363,33.44214156,-112.0614693,AB-,1
Lorraine Gonzalez,692-754-2247,33.25473266,-112.0388487,A-,1
Alicia Flens,819-085-2336,33.43105491,-111.972613,AB-,1
Michael Johnson,723-690-8728,33.69742087,-112.0603553,B+,0
Carey Gipson,948-579-4539,33.23266153,-112.0326031,AB-,1
Kayla Ibarra,462-709-3092,33.5343077,-112.182455,B-,1
Blanca Roden,947-087-7099,33.60406961,-112.0535897,A+,0
Frederick Desotel,608-155-8810,33.61147587,-112.0208083,AB-,0
James Mullins,544-328-5303,33.46073457,-111.9568572,O-,0
Richard Moore,335-654-4456,33.51116431,-111.9990719,A-,1
Sandra Clark,849-813-8636,33.52333195,-112.0488335,A+,1
Joseph Sawyer,789-022-0598,33.33765672,-112.07609,AB+,0
Williams Montes,722-224-7988,33.42115739,-112.1451753,A-,0
Ana Flowers,828-227-5149,33.35803111,-112.1794575,O+,1
Pam Steele,370-116-6056,33.56357714,-112.0804309,A-,1
Jesica Vandercook,966-776-1483,33.42294587,-112.1407591,B-,1
Mark Postlewait,553-577-3900,33.36191152,-111.960873,B+,0
David Olson,707-785-7665,33.63597631,-112.0068543,A+,1
George Kopp,146-641-6193,33.34242282,-112.1808738,B-,1
Tiffany Anderson,201-883-4357,33.23556958,-112.0202061,O-,1
Ollie Potts,705-531-8751,33.39716561,-111.9536223,AB-,1
Kevin Paar,560-062-7701,33.28177996,-112.120755,A+,1
Kraig Day,839-122-0419,33.24796014,-112.0987967,B+,1
Ray Smullen,804-771-6137,33.42944624,-111.9508205,B-,0
Herbert Quarles,841-087-5861,33.52376028,-112.0996348,B-,1
Alisha Morris,258-880-7073,33.43409497,-112.0146366,B+,0
Raymond Sines,477-367-3073,33.5189409,-111.9957336,B+,1
Donald Coleman,127-420-3546,33.31294669,-112.0036889,A+,1
Gregory Wrisley,912-803-0241,33.43485081,-112.0502271,B-,0
Chanell Stanesic,841-884-6587,33.33454021,-112.1749596,B-,0
Faith Elrod,419-108-9017,33.6314635,-112.074812,B-,0
Hazel Emch,293-713-2699,33.20489248,-112.0953102,A-,0
Norine Sears,915-792-1990,33.48031283,-112.18882,O+,0
Thomas Matheson,429-208-2749,33.54765957,-111.9517819,A-,1
Lakesha Graham,810-120-6320,33.31487664,-112.153075,O+,0
Melvin Almendarez,395-481-5429,33.46107346,-112.1130895,O-,0
Fernando Oconner,661-455-0862,33.3599468,-111.9662317,AB-,1
Katherine Gifford,877-886-3851,33.36764041,-112.0814347,AB-,1
Dewayne Rodriguez,729-321-9018,33.53615694,-111.959082,B-,1
John Douglas,733-128-8256,33.20169062,-112.1054663,O-,1
Adam Asbill,861-554-9799,33.64854358,-112.1117507,O+,0
Charles Aubert,580-055-3103,33.66496009,-112.1395082,AB+,0
Dorothy Manery,195-440-3849,33.29177032,-112.0952264,O-,0
Nathan Fonte,659-594-1106,33.5339202,-111.9665083,O-,1
Carl Losinski,263-274-5516,33.28901795,-112.0041219,B+,0
Frank Rowan,172-880-7175,33.40182057,-112.0401477,B-,1
William Dashner,723-484-0229,33.49890591,-112.1115947,AB+,1
Angela Aiyer,617-755-6428,33.4051787,-112.0436723,AB+,0
Anna Deakins,351-439-3248,33.5246547,-111.9964184,O-,1
Sharla Barlow,919-543-7223,33.31945935,-112.0100833,A-,0
George Owens,540-786-9372,33.34889301,-112.0673295,AB+,0
Frank Morales,747-603-2404,33.68747698,-112.0495938,B+,0
James Swartz,936-626-4449,33.55101362,-112.0325192,AB-,0
Jean Isaac,878-030-7597,33.58079389,-112.1095561,B-,0
Anne Maynard,636-510-2047,33.60413708,-112.1310402,O+,1
Nancy Krueger,329-654-3451,33.4906062,-112.1327289,O+,0
Judith Hogue,821-310-7378,33.41473575,-111.9599749,A-,1
Daniel Grace,124-382-7609,33.58262771,-112.0481713,AB+,1
Jody Piles,648-438-4520,33.31946726,-111.9954629,AB-,1
Steven Wolfe,472-064-8201,33.65039642,-112.1032322,A+,0
Shawn Smith,199-209-5151,33.39603756,-112.2002892,AB+,0
Patsy Terry,642-229-0004,33.48222059,-112.0182573,AB+,0
Laura Ferrante,500-114-5568,33.45724758,-112.167685,O-,1
Julia Lewis,691-018-1404,33.62491888,-112.0494511,A+,0
Viola Kessel,369-382-5377,33.56277758,-111.9620011,AB+,0
Danny Sorel,853-758-6704,33.63288408,-112.1169759,AB-,0
Tara Willadsen,704-637-7769,33.54974418,-112.1556212,AB+,1
John Sloan,793-626-2941,33.55619918,-112.0959924,B+,0
Eugene Safdeye,187-664-1741,33.28942183,-112.0462454,O+,0
Vera Smith,361-474-6382,33.3138228,-112.0476887,O-,0
Christen Kelley,696-101-0634,33.45593106,-112.0230075,O+,0
Alvin Zuniga,872-274-4286,33.54604999,-112.165228,O+,1
William Skar,945-494-6272,33.25979113,-112.1341998,B-,1
Kathleen Griswold,934-076-0786,33.63959098,-112.0414948,O-,0
Sandra Goodell,318-651-2838,33.55572625,-111.9765497,O-,0
Robert Coleman,589-384-9179,33.57445964,-112.1732623,AB-,0
Ray Wendte,579-482-4030,33.54973374,-111.9917904,O+,0
Barbara Thompson,768-730-0985,33.60140187,-112.1455962,A+,0
Robert Manson,383-059-0106,33.3421575,-112.0925023,A+,0
Paul Garcia,311-862-3263,33.23379535,-112.0041444,A-,1
Michael Giannavola,680-778-5814,33.51738169,-112.1532941,A-,1
Joan Gaines,992-502-8764,33.2789541,-111.9880566,B-,1
Mary Rivera,320-882-1748,33.46818082,-112.0742888,AB+,1
Rona Martin,591-067-2658,33.33479142,-112.0777551,O+,1
Carol Little,791-711-5963,33.41844061,-112.1408933,O-,0
Jennifer Chaput,349-728-6140,33.20977757,-112.0249514,O-,0
Denise Murphy,543-745-1328,33.52971273,-111.9917864,AB-,0
Joy Numbers,415-031-1999,33.21678662,-112.0948496,AB+,0
Lorena Alexander,830-462-0389,33.35183842,-112.0205357,B-,0
Louise Happel,914-581-0870,33.4388221,-112.1188763,O+,0
Annie Ford,672-522-3954,33.42842558,-112.0365867,O-,0
Luther Cronin,752-653-5646,33.44966848,-112.0587644,A+,0
Alex Humbert,318-839-1110,33.34276867,-112.1265033,A+,1
Juan Greene,482-022-5143,33.52178809,-111.9838472,AB+,0
Morton Rodriguez,667-234-6387,33.58404119,-112.1883835,B-,0
Mary Ratliff,645-174-2285,33.66966639,-112.0953879,O+,1
Thomas Rome,640-619-8563,33.50238036,-112.1308675,B-,0
Thomas Rutherford,615-471-7275,33.30250824,-111.9698613,B-,0
Barbara Daniels,868-005-2569,33.36313079,-111.9830447,A+,1
Ronald Ogle,566-719-1574,33.50987185,-112.101883,B+,0
Samual Lewis,167-830-2511,33.55276865,-112.096424,B-,0
Russell Franz,607-480-4824,33.48194128,-111.971166,O+,1
Donald Scavuzzo,864-789-8065,33.30874565,-112.1551298,AB-,1
George Nakken,406-608-6722,33.44542233,-112.159088,A+,1
Robert Person,349-349-3712,33.59999812,-112.0714404,B-,1
Frances Butler,649-299-2555,33.55090708,-112.1672914,AB-,1
Tom West,295-673-0532,33.62904637,-112.0247429,AB-,0
Donna Sampieri,374-888-7308,33.6134404,-111.9704533,O+,0
Robert Lyons,289-567-4528,33.56157839,-112.0761138,A+,1
Laura Smuin,949-121-0318,33.3299401,-112.1713205,A+,0
Carla Lacount,856-525-6153,33.3225229,-112.1323047,O+,1
Melissa Woods,450-404-7010,33.6483626,-112.1500702,A-,1
Charles Murray,356-417-1590,33.50769007,-112.1987548,B+,0
Russell Miller,255-490-3291,33.60006442,-112.1227385,AB+,0
Judith Mowery,440-507-3720,33.47431327,-111.943065,B-,0
Daniel Heatly,784-496-9850,33.45986115,-112.1830258,A+,0
John Patel,153-755-7731,33.50142445,-112.0963459,O-,0
Adeline Beltran,952-100-5146,33.41781881,-111.9996075,A+,0
Robert Woodbury,204-533-5254,33.33524956,-112.0256333,O+,0
Stephanie Cinotti,758-374-6641,33.59860327,-112.1233058,AB-,0
Charles Shields,822-035-8694,33.32061317,-112.187609,O+,0
Earl Stephens,347-355-3547,33.21369783,-112.0474326,O+,0
John Wolf,928-457-7549,33.59564985,-111.9783561,AB+,0
Theodore Lewis,888-561-0992,33.20125474,-112.0603739,AB-,0
Joey Cracchiolo,693-852-5715,33.53799589,-112.064828,A+,0
Wayne Fogle,314-817-5419,33.43906373,-112.1110103,B+,0
Audrey Werre,194-084-3121,33.58258612,-112.1408112,A+,1
Billie Seiber,144-084-4436,33.42951554,-112.0712193,A+,1
Patricia Richardson,897-619-8031,33.46584308,-112.164069,AB+,0
Jennifer Garcia,755-112-9565,33.43040045,-112.1568639,A+,0
Debbie Fink,400-775-8458,33.69577375,-112.0974965,A+,1
Michael Welch,423-229-2034,33.50196151,-112.1049373,O-,0
Lisa Thornley,602-077-9552,33.34975032,-111.9633049,A+,1
David Aguilar,923-384-3907,33.39182412,-112.0712019,B+,0
Sheri Brooks,996-202-4893,33.65945444,-112.0359863,O+,0
Rose Schwein,616-629-3359,33.29471843,-112.0827548,A+,1
Andrew Caron,479-005-2001,33.41406509,-112.068355,AB+,0
Charles Lambert,836-829-3645,33.43286787,-112.1857076,B+,0
Malia Graig,181-713-7155,33.44077745,-111.9819635,AB+,0
Pamela Johnson,715-694-5406,33.22403944,-112.0081641,B+,0
Stella Leggett,314-046-1695,33.39250265,-112.0374183,O-,0
Darryl Pelote,952-233-2053,33.65991391,-112.1363084,AB+,0
Jeri Maxwell,120-150-5512,33.46922983,-111.9773275,O-,0
Cammie Ortiz,572-549-6097,33.68455343,-112.0231149,B-,0
John Clark,441-553-6229,33.44637639,-112.1936693,A-,0
Crystal Long,880-874-4603,33.3981889,-111.981333,B-,1
Julie Wilson,229-271-4059,33.41361921,-112.1432949,O+,1
Bethany Whitaker,434-886-3880,33.50716191,-112.1451672,O-,1
Elizabeth Andre,316-200-7665,33.57246229,-111.9933642,B-,0
Lydia Quinonez,349-868-1649,33.22431741,-112.1091907,B+,0
Michele Malley,548-449-2461,33.35602943,-112.0057219,AB-,0
Gregory Mckinley,519-693-9272,33.39328965,-112.0742438,B+,0
Ernestine Arnold,373-119-5822,33.56802965,-112.1541888,A-,0
Gloria Webb,612-116-4644,33.43556274,-112.0358309,B-,0
Penny Foster,142-015-8791,33.5311212,-112.1511835,AB-,0
Lawrence Sylla,135-543-2845,33.31930852,-112.0708805,A-,0
Bradly Moore,336-654-0589,33.47035846,-112.167631,B+,0
Charles Mace,573-014-2746,33.34703319,-112.0396097,AB+,0
Melinda Melendez,132-090-3274,33.50351829,-112.0578444,B+,1
Hiram Veyna,638-717-3001,33.5565708,-112.0812745,O+,1
Angel Roberts,590-139-5073,33.26913333,-112.122687,O-,1
Paul Nava,256-654-9543,33.60890047,-112.1160443,AB-,0
Paul Lewis,765-271-9631,33.24984489,-112.0978745,B-,1
Jennifer Wells,779-124-6290,33.42962682,-112.195739,O-,0
Barbara Braswell,242-804-8139,33.68748579,-112.0688292,A-,0
Tim Flores,664-663-2456,33.47579995,-112.1449505,A-,0
Mary Krause,237-194-3014,33.34355922,-112.1944505,A-,0
Brittany Cobar,915-510-1836,33.40026228,-111.964361,B-,0
Bessie Ruthledge,888-010-6197,33.23867669,-112.0377227,AB+,0
Vicky Baker,486-327-2629,33.53781224,-112.09915,A-,0
Lance Holton,653-546-9461,33.53278949,-111.952946,O+,0
Martha Amrhein,658-627-8719,33.2820317,-111.9951403,AB-,1
Jay Montgomery,866-118-8427,33.58572119,-112.004491,AB+,0
Bruce Flory,427-634-4189,33.30006781,-111.9960197,O-,0
Angela Rourke,554-090-4055,33.38291945,-112.0066165,AB-,0
Tami Espinosa,708-256-6834,33.29208924,-112.0388384,A-,0
Simone Becker,227-489-5158,33.54039591,-112.0946575,B-,0
Teri Walker,475-870-1172,33.6736357,-112.0627791,AB-,1
Elmer Breen,133-209-7278,33.24670756,-112.1434554,O-,1
William Columbus,362-748-8982,33.51890707,-112.039585,AB-,0
Kim Friedman,348-164-2170,33.31719984,-112.1162323,AB+,0
Diane Chang,715-844-6928,33.48148581,-112.1260869,B+,0
Joyce Ybarra,415-274-2459,33.35415499,-112.1591812,B+,0
Kelly Jarvis,240-274-2906,33.2839687,-111.9835359,AB-,0
Diana Turner,930-165-6565,33.33879947,-111.9930885,B+,1
John Lund,758-716-5638,33.28033134,-111.992773,O-,0
Holly Genung,772-079-2414,33.3124023,-112.0656316,AB-,0
Sonia Hartman,579-789-4021,33.28133574,-112.0332971,B+,0
Catherine Rosas,657-091-1272,33.42765474,-112.1008451,B+,0
Marvin Powell,681-294-8111,33.45293722,-111.9728547,B+,0
Denise Dewar,524-868-2212,33.57682065,-111.9597053,B-,0
Doris Willemsen,115-476-9000,33.30691144,-112.0456093,O+,0
Carol Russo,285-643-5062,33.40087032,-111.9544932,AB+,0
Dan Booker,943-484-5708,33.42038063,-112.1300706,AB-,0
Barbara Chapman,813-644-8403,33.52265172,-112.1334335,O-,0
John Gonzalez,602-066-0050,33.38742599,-112.1604374,O+,0
Richard Dyke,315-873-3936,33.33613061,-112.1025807,AB-,0
Leslie Randall,939-694-0776,33.39880847,-112.0186675,A+,1
Carlos Atkins,435-877-2033,33.5374937,-112.0666293,AB-,0
Mary Marsden,654-323-0432,33.56874509,-111.9638087,B-,0
Ryan Conlisk,873-016-6147,33.40088691,-111.9442158,O-,0
Jamie Alexander,723-859-8460,33.52893011,-111.9508414,B-,0
Ashley Steinberg,324-421-8987,33.40847362,-111.9641606,AB+,0
Stephen Castano,756-382-0087,33.32758636,-112.1143428,B-,1
Roger Gallegos,532-443-6017,33.2564124,-112.052714,O+,1
Ronald Feagin,255-170-8208,33.61373042,-112.09536,O-,0
Rosemary Mattingly,870-483-1291,33.35917197,-112.1282995,B+,1
Orville Andersen,566-548-8315,33.53852681,-112.1442036,O-,1
Tyler Jacobsen,703-846-5480,33.43335295,-112.0318764,A+,0
Marcia Ludwig,412-836-9238,33.49405401,-112.1465733,O+,0
Mary Hines,313-026-1181,33.52268278,-112.0667821,A-,0
Andrew Hamelton,200-778-5651,33.4277627,-111.9475912,A-,0
Alfred Buss,552-198-6170,33.55877196,-112.1932516,B+,0
Tim Lieberman,329-435-1772,33.45728192,-111.9834655,AB+,1
Herbert Arrey,248-616-6251,33.44199704,-112.111017,B-,0
Donna Case,932-702-1030,33.4606127,-112.0796125,AB+,0
Ronald Vent,961-841-4986,33.4299258,-112.1007189,O+,0
Connie Morgan,446-357-2750,33.67221104,-112.0665305,B-,0
Mary Skaggs,717-082-7294,33.20478341,-112.1081341,A-,0
Dawna Wontor,107-598-6103,33.3320905,-112.1423105,O+,0
Dana Loaiza,818-707-3278,33.24949825,-112.0662763,AB-,0
Howard Mays,958-608-2093,33.42451957,-112.057461,A-,0
Claudia Key,994-026-5216,33.51737121,-112.1341962,O+,1
Ryann Winslow,486-379-9134,33.34045614,-112.1713594,A+,0
Jacob Claxton,583-012-2207,33.42810195,-112.1707738,AB+,1
Sandra Mccoy,915-306-6436,33.54953877,-112.0627082,B+,1
Clarence Meador,807-858-1529,33.62036225,-112.0641511,A-,0
Jean Keys,247-166-7085,33.57126264,-112.1672933,AB-,0
Debra Mullen,506-714-2707,33.41255979,-112.0087685,B-,0
Margarita Harmon,939-470-8180,33.57244151,-111.9719305,AB+,0
Renee Sesler,299-189-5341,33.20487251,-112.0876621,A+,0
Betty Martin,135-704-3913,33.19825373,-112.0682608,A+,0
Kimberly Dimas,781-642-8764,33.34066423,-112.0839504,A-,0
Willard Delaney,392-788-1418,33.56869308,-112.0258592,A+,0
Josephine Douglas,886-527-1980,33.40747114,-112.0826787,A+,1
Jeremy Rogers,658-853-0344,33.38772699,-112.003877,B+,1
Doris Davis,229-532-1715,33.48567628,-111.9689474,B+,0
Mathew Carlson,689-631-8111,33.56022155,-112.0737016,B-,0
Karen White,684-752-5260,33.70000847,-112.0468233,AB-,0
Eileen Watson,743-106-1165,33.43333479,-112.1055842,A+,0
Yesenia Kraft,783-234-0953,33.59683216,-112.1682438,A-,0
Tyson Owens,982-502-6448,33.5119993,-111.9620938,B+,0
Michele Garabedian,655-023-8018,33.28773289,-112.1239137,AB+,0
Barbara Nichols,278-688-7411,33.70522722,-112.0669998,AB+,1
Christopher Delarosa,899-686-2435,33.50105296,-112.1796132,A-,0
Dennis Hacher,854-498-1131,33.35010667,-112.057328,B-,1
Sandra Clift,474-674-6490,33.44787424,-112.1953191,B-,0
Terrell Seto,288-122-1715,33.47317395,-112.1759741,B+,1
David Moore,411-800-0700,33.53019353,-111.9591925,B+,0
Marta Walker,455-497-9643,33.58416223,-112.0454998,AB-,0
Linda Herzog,571-226-0964,33.55638712,-112.1134502,AB+,0
Janice Chacon,234-821-9815,33.58542965,-111.9984379,O+,0
Heather Brinegar,689-527-0065,33.51979772,-112.1523407,A+,0
Dan Sepulveda,119-557-3221,33.30155516,-112.10709,O-,0
Michael Holt,259-652-4742,33.52172272,-111.9718376,A+,0
Heidi Mccane,311-449-2537,33.27263506,-112.0345675,AB+,0
Lester Bailey,190-772-8739,33.39764705,-112.0743878,A-,0
Janet Flynn,526-254-6006,33.40862314,-112.0523179,A-,0
Nathan Stewart,410-090-6803,33.27914927,-112.0756672,B-,0
Holly Marsella,255-256-6612,33.26279757,-112.1392487,A-,0
Alejandra Kruger,953-871-6490,33.30823119,-112.1016427,A+,0
Marie Evenson,771-711-0250,33.43523003,-112.0564522,A+,0
Julia Miller,527-191-9164,33.60107758,-112.1087157,B-,0
Francisco Walls,436-401-3084,33.52968166,-112.1981295,A+,1
Roger Weslowski,921-568-1818,33.44286772,-112.0622643,AB+,0
Angela Dean,240-002-6716,33.3258197,-112.012701,AB-,0
Madeline Buckner,560-646-4961,33.61976354,-112.0597938,A-,0
John Box,509-789-3723,33.56840421,-112.0807776,O-,0
Jon Barry,237-328-2351,33.67310455,-112.139325,B+,0
Daniel Conklin,780-061-7119,33.46934651,-112.1984583,AB+,1
Fredrick Bates,529-481-5058,33.57719872,-112.078858,B-,1
Alexander Bermudez,384-529-8848,33.58589878,-112.0433299,AB+,1
Marvin Grey,247-484-6915,33.23147845,-112.0241496,A-,1
John Porter,924-653-4742,33.47640118,-112.1172975,O-,0
Christine Hurtubise,797-425-1885,33.28722404,-112.0610692,AB+,0
Ashley Albert,659-623-2298,33.60681511,-112.1441433,O-,0
Rafael Valenzuela,282-329-7194,33.45516489,-112.1023677,O-,0
Ethel Fields,216-833-2115,33.40357721,-112.1075253,AB+,0
George Payne,855-067-6043,33.47541292,-112.0362021,O+,0
Isabelle Mccuen,359-294-8274,33.51909327,-112.1455614,A-,0
Emmanuel Goss,858-104-7297,33.44785422,-112.1622927,AB-,0
Linda Whited,441-516-7873,33.30994621,-112.0438235,O+,0
Rebecca Hennessy,785-417-9386,33.25552519,-112.0707199,O-,0
Ray Spillett,957-163-7544,33.41917016,-112.1187416,B-,0
Cherise Peterson,632-495-7257,33.66675089,-112.021071,A-,0
Eunice Plato,364-177-7134,33.42491001,-112.0596854,A+,0
Rachael Harner,517-296-4677,33.25553578,-112.1352417,A+,0
Leonard Hites,722-467-3253,33.51425405,-112.1474616,B-,1
Kelli George,347-782-5080,33.31387244,-112.0038286,A+,0
Carmela Dartez,188-095-3851,33.33491301,-112.1932329,B+,0
Deanna Hollander,712-790-7245,33.59095471,-112.0409869,B-,0
Merlin Queen,191-768-0034,33.37144826,-112.1458353,A+,0
Katie Bradley,928-147-0683,33.64609445,-112.0971889,AB-,0
Laura Ceballos,809-474-7238,33.54256181,-112.0972522,AB+,0
Celia Beiler,741-476-4100,33.27713201,-112.16701,O+,0
Jerry Beierle,940-690-9164,33.33334763,-112.0197373,A+,0
Ross Lagrone,123-094-4384,33.58111107,-112.0551841,B+,0
Gary Myers,486-659-6214,33.46713576,-112.1071188,B+,0
Mary Williams,921-183-1739,33.3165458,-112.0923029,O+,0
Pamela Tolles,484-397-6668,33.60810702,-112.0940687,AB-,0
Brenda Keller,983-746-1264,33.44778273,-112.0211143,AB-,1
Hannah Cornwell,140-822-3464,33.42096711,-112.1957401,B+,0
James Gutierrez,465-008-8495,33.28074234,-112.0628972,B-,0
Dolores Hollingsworth,674-142-4582,33.57428808,-111.9910528,AB+,1
Michele Labadie,800-850-1563,33.24637404,-112.1326428,AB-,0
Angela Wachtel,196-258-3361,33.46468276,-112.0855343,O-,1
Karla Johnson,180-478-9132,33.32205961,-112.0889359,B+,0
Bettina Brown,938-316-8877,33.25711637,-112.1398415,AB-,0
Louis Sanchez,565-511-4010,33.51623582,-112.1014664,AB+,0
Eric Andrews,523-264-9486,33.30531073,-112.0196854,A+,0
Rosa Thomas,338-827-9742,33.41416306,-112.0841153,AB-,1
Mayra Hagerman,263-697-9884,33.67063067,-112.0098333,AB-,0
Rosemary Rogers,413-658-4173,33.59739044,-112.1154547,O-,0
Richard Humphrys,731-647-3048,33.2747185,-111.9777149,AB+,0
Thomas Wood,318-887-3785,33.38755035,-112.1146264,O-,1
Walter Copeland,875-598-0713,33.39150464,-112.1522546,AB+,1
Louis Clark,924-851-1449,33.24258248,-112.0116439,B+,0
Joseph Goodnight,925-587-9705,33.3031093,-112.0450469,AB+,1
Delia Coronado,165-888-1220,33.68349947,-112.0903858,A-,0
Sandy Gee,214-256-8648,33.30598312,-112.1683037,A+,0
Sunny Alicea,848-195-2917,33.65862394,-112.1477577,A+,1
Carrie Jones,279-220-8621,33.27898051,-112.1414949,O-,0
Brad Mcauliffe,968-250-1583,33.45059831,-112.1343388,A+,0
Rochelle Melton,320-867-1924,33.66057276,-112.0735063,B+,0
Rosalyn Leake,223-046-5622,33.28914573,-112.1071446,B+,0
Alonzo Drews,829-226-5672,33.38594702,-112.0091201,B+,0
George James,175-711-0127,33.31111012,-112.1708387,AB-,0
James Dingess,499-337-2904,33.33216169,-112.1489633,B-,0
Patricia Gardner,879-228-4151,33.36187341,-112.1454529,B-,0
Thomas May,283-623-4484,33.35249781,-112.1285538,A-,0
Nettie Mcpherson,827-505-0125,33.47851642,-112.1660589,O-,0
Lucy Tate,744-274-6493,33.631295,-112.0133907,B-,0
Florine Ingram,319-196-4125,33.37651715,-112.0391075,B+,0
David Maynard,988-865-9642,33.34412451,-112.011892,A-,0
Myrtle Lambert,662-750-3874,33.32336349,-112.0824547,B+,0
Maria Andrews,787-534-6682,33.6799771,-112.0917748,B+,0
Mike Mcdaniel,806-854-5505,33.5577449,-112.1105539,AB-,0
Roy Walters,969-710-8216,33.49318723,-112.0866635,B+,0
Yvonne Skinner,984-367-8206,33.52575814,-112.0297134,AB-,0
Floyd Bussey,952-063-7274,33.4893688,-112.10573,A+,0
Christy Southerland,477-697-0632,33.25908755,-112.0940385,B+,0
Michelle Dixon,754-657-5676,33.34677441,-112.1367265,O-,0
Devin Baldwin,691-192-4833,33.39962808,-112.0241954,O+,0
Sandra Naffziger,113-875-4944,33.19089788,-112.0665096,B+,0
Jennifer Chu,322-349-7074,33.39723512,-112.0402484,B+,0
Mathew Dolly,961-219-0925,33.34233643,-112.0351391,AB-,0
Terrie Villegas,424-774-4063,33.36257632,-112.048622,O-,0
Harvey Hughes,823-522-6954,33.56819229,-111.9646525,B+,1
Augustine Staley,163-862-3359,33.3742044,-112.1861712,O-,0
Mary Kassab,569-135-7671,33.46880184,-112.2070319,AB+,0
Arthur Burback,868-513-5584,33.61718734,-112.1228608,O-,0
Michael Boston,852-856-1371,33.3073963,-112.0447662,B+,1
James Roberts,928-043-7063,33.50637187,-112.0133338,B-,1
Brian Figley,420-842-2314,33.57806063,-111.9890441,B-,0
Bethann Espinoza,654-734-9300,33.29294402,-112.0589462,A-,0
Javier Castellanos,711-792-5742,33.63934783,-111.9834143,O+,0
Glenna Douglas,237-457-9843,33.39476145,-112.1447256,O+,0
Gerald Weber,171-558-0187,33.36770289,-112.1246105,O+,1
Michael Rodgers,988-348-4623,33.64194523,-111.9914618,B-,0
Fae Gard,742-871-9123,33.37355274,-112.0750684,O+,0
Alfred Collins,546-285-1166,33.61389991,-112.1525663,AB-,0
Claire Pynes,610-663-2494,33.35394344,-111.9631497,A+,0
Sharon Stern,232-176-4082,33.64277049,-111.9884388,O+,0
Milagros Moore,232-437-1223,33.5733831,-112.0477261,A-,0
Peter Pence,194-290-3226,33.34299023,-112.0657425,O-,0
Caitlin Xiong,159-308-9552,33.63600239,-112.0262838,B+,0
Judy Scott,190-330-4819,33.39552463,-112.0541891,B+,0
Shelly Arnett,916-800-2903,33.63792976,-112.0794017,AB-,0
David Sotelo,783-527-0608,33.26832465,-112.1316898,O+,0
Marcus Spence,238-722-0707,33.4395514,-111.9404598,B-,0
Tami Bulfer,708-335-8403,33.34050665,-112.1804501,A-,0
Heather Ricketts,961-173-8445,33.47598124,-112.1331722,O-,0
Kristin Magee,799-863-7312,33.6541526,-112.1200312,O+,0
Karen Devoll,666-174-7922,33.3158997,-112.0037726,AB-,0
Michelle Barnes,543-589-4844,33.52425734,-112.0830008,B-,0
Clara Featherston,466-136-9487,33.65694617,-112.084733,O+,0
Travis Ramos,369-403-5321,33.43070876,-112.0758821,O-,0
Robert Crews,406-647-7772,33.34717501,-112.0410792,A+,0
Eileen Creswell,258-882-7494,33.35190979,-112.0080481,B+,1
Douglas Hughes,158-650-8909,33.45408843,-112.0480946,A-,0
Tim Brossard,575-380-9741,33.46943782,-112.1380767,O+,0
Matthew Lopez,125-859-6412,33.36675741,-112.1620468,B+,1
Janeen Williams,602-292-8482,33.54187033,-112.1710339,A-,0
Jeffery Hernandez,273-674-6951,33.35377534,-112.1375467,A+,0
Kimberly Riseden,415-627-1296,33.4355955,-112.1521025,AB-,0
Daniel Hebert,326-732-0520,33.35767133,-112.0392162,O+,0
Brian Frazier,824-577-9785,33.37797602,-112.0855018,O-,0
Victor Scott,778-099-6589,33.34815295,-111.9645436,A+,0
Shirley Browers,593-581-6752,33.51428395,-111.9924479,AB-,0
Cassandra Slayton,814-637-9904,33.25832872,-112.1239679,AB+,0
Adam Cloud,984-529-7194,33.51379811,-112.1937147,A-,0
Delphia Jennings,653-551-2233,33.3914567,-111.9818713,A+,0
Blanca Perez,871-188-0066,33.67136166,-112.1085207,AB-,0
Katherine Swindell,998-242-8894,33.53060713,-112.1797868,B-,0
Johnny Johnson,844-320-3599,33.39908811,-111.9629827,A-,0
Robert Mannella,466-204-2423,33.69134386,-112.095341,O+,0
Richard Saling,935-538-1767,33.35281854,-112.1687852,A+,0
Ardith Gray,113-603-4690,33.56972237,-112.1022885,AB+,0
Raul Larsen,714-444-7623,33.39245518,-112.1916059,B-,0
Esther Cornelius,661-113-5902,33.41785525,-111.942884,B-,0
Timothy Powell,174-471-3225,33.42019144,-112.0560553,B+,0
Edward Woodward,958-222-0831,33.4478176,-112.037081,AB+,0
Susan Jackson,111-529-2410,33.61955938,-112.0715521,B+,0
Edward Allen,441-307-9444,33.36490044,-112.1222607,AB-,0
Barbara Yasso,243-482-9529,33.36957837,-112.0607735,AB-,0
Gary Rager,269-611-5852,33.34501556,-112.1207838,AB+,0
Roberto Hamilton,874-249-3288,33.23604723,-112.0574309,AB+,0
Richard Hardee,461-630-8679,33.40597952,-112.1722482,O-,0
James Mizer,384-417-8458,33.41296485,-111.9850484,O-,0
Alan Bixler,763-224-6510,33.36868146,-111.9986893,B-,0
Michael Hawkins,223-282-4911,33.315801,-112.1380362,AB-,0
Doris Severn,322-325-4161,33.6153276,-112.0612496,A+,0
Victor Allen,261-390-5846,33.49237503,-112.1850163,O+,0
David Haddock,686-320-1192,33.64117244,-112.1327089,B-,0
Jessica Smith,407-785-1836,33.39064121,-112.1372101,AB+,1
William Kraft,130-627-4991,33.44185556,-112.0777368,O+,0
Scott Shiflet,944-455-7243,33.31814849,-112.1770704,AB+,0
Dominic Jones,995-248-4322,33.42245779,-111.9901654,A+,0
Edward Gomez,223-842-5286,33.27013617,-112.0784665,O-,0
Aaron Clary,183-696-0106,33.3965743,-112.1847315,AB-,0
Jacki Hinz,154-178-3435,33.24977305,-112.1291985,B-,0
Matthew Galea,746-483-4235,33.60527665,-112.0128964,B-,0
Steve Louis,303-242-5303,33.27923499,-112.1156193,AB-,0
Virginia Recher,353-682-6067,33.4952192,-112.0120444,AB-,0
Bradley Hutchinson,104-001-1652,33.45511368,-111.9845716,A-,0
Henry Brooks,707-867-6512,33.34100303,-112.0207672,A+,0
Thomas Snyder,119-256-5197,33.60419383,-111.9849256,B+,0
Donald Segrest,957-244-2642,33.58939602,-112.0877742,O+,0
Margaret Tillman,954-151-8977,33.36320233,-112.1074974,AB+,0
John Gorski,737-105-9851,33.47558825,-112.0301344,B+,0
Monique Theriot,881-541-4272,33.29922876,-111.9914352,AB+,0
Jason Bohlke,126-745-9703,33.57519791,-112.1815049,B-,0
Fabiola Krieger,228-363-7216,33.44972782,-112.0614385,AB+,0
Blake Wanda,920-172-4458,33.43063164,-112.1630305,A-,0
Helen Smallwood,509-519-1860,33.57130333,-112.1596415,B-,0
Jesus Mchenry,449-165-4481,33.27108151,-112.0939163,B+,0
Karen Simpson,105-163-8121,33.46639426,-112.0428055,B-,0
John Quinn,835-683-6737,33.36804398,-112.0435403,B+,0
Deborah Kennedy,546-768-5389,33.29305969,-111.9872501,A+,0
Gloria Lopez,797-556-9449,33.58294342,-112.0928637,B-,0
Amanda Baize,368-850-4170,33.56055171,-112.1632586,B+,0
Jennifer Dean,529-733-1278,33.49433012,-112.0724875,O-,0
Jimmie Ohmen,534-445-2097,33.33446694,-112.1728846,A-,0
Helen Pressley,220-176-0704,33.31230133,-112.1272702,AB-,0
Dominic Lanza,973-517-9492,33.63390613,-112.1550054,A-,1
Richard Carey,405-722-0143,33.21854623,-112.1033262,O+,0
Joy Butler,841-585-3934,33.59781199,-112.1723599,B-,0
Brian Herrera,707-297-1104,33.50264101,-112.1661103,O+,0
Julie Edens,403-845-1374,33.56381349,-112.0828171,O+,0
Jill Johnson,261-247-4732,33.49544636,-112.1481397,AB+,0
Eugene Taylor,594-685-5753,33.4498139,-112.1443621,A+,1
Ronald Wattles,846-129-0703,33.7031344,-112.0638373,A+,0
Mose Rehl,317-264-5266,33.44422434,-112.1610823,O-,0
Jerome Freeman,960-572-4381,33.62005903,-111.9841292,AB+,0
Ashley Satterthwaite,117-396-2683,33.26821852,-111.985262,B-,0
Deborah Seymour,754-741-1979,33.46181575,-112.0002268,B+,0
Karen Mcconnell,675-687-8523,33.42689739,-111.9865811,B-,0
Richard Hilton,114-089-7840,33.42279889,-112.106388,O+,1
Brenda Valazquez,566-492-8621,33.62571726,-112.0601043,AB-,0
Carlene Matzke,801-275-3241,33.40838245,-112.1812864,AB-,0
Lucinda Love,966-103-8388,33.23905269,-112.134973,A+,0
William Barsness,162-645-8322,33.33515134,-112.1286174,B+,0
Robert Robinson,308-636-9038,33.22786596,-112.0830469,AB+,0
Diana Chastain,414-302-9015,33.70289191,-112.0801366,B-,0
Brian Thompson,960-663-1093,33.61375892,-112.029814,O-,0
Tim Oflaherty,991-802-8554,33.30597414,-112.0285225,B-,0
William Richardson,110-365-3790,33.34311865,-111.9750556,O-,0
Walter Hoffmann,880-215-6753,33.63820076,-112.0674113,O+,0
Esther Erhart,952-508-2806,33.39649403,-112.1661905,AB-,0
Jesus Johnston,808-803-8169,33.22533901,-112.1062088,B+,0
Ruby Thompson,913-606-7393,33.25719111,-112.0177613,O-,0
Nancy West,719-486-5583,33.52233343,-112.1837095,A-,0
Whitney White,914-459-2607,33.23134446,-112.1429961,A+,0
Shirley Lee,736-730-9707,33.30336943,-112.1124336,A-,0
Randall Pena,453-417-4129,33.45572669,-111.9957781,B-,0
Raymond Cogdill,825-832-6803,33.44810628,-112.1712193,A-,0
Perry Cain,332-035-6947,33.4306609,-112.0778969,O-,0
Barry Mattingly,575-180-7518,33.25059737,-112.0685303,A+,0
Charles Moreno,435-785-6119,33.24094697,-112.0760025,AB+,0
Peter Morein,631-480-3362,33.51510299,-112.1143015,B-,0
Daniel Stone,551-540-0105,33.21982518,-112.1203613,B+,0
John Jones,495-656-9692,33.34614344,-111.9575543,A-,0
Jesse Campbell,892-273-8525,33.52338201,-112.11514,A+,1
Joshua Acevedo,830-194-3516,33.38503114,-111.9879459,B+,1
Mary Smith,127-739-5864,33.53258707,-112.0960345,O+,1
Sybil Woods,686-451-4727,33.54588248,-112.1435635,AB+,0
Daniel Vetrano,184-327-9370,33.26824704,-112.1005679,A+,1
Dianna Thompson,489-311-0826,33.46321982,-112.1822594,AB-,1
Stephanie Schreiber,999-878-3958,33.61895338,-111.9767298,O+,1
Patricia Maupin,289-066-2716,33.43842479,-112.1225867,AB-,0
Elizabeth Isip,201-337-7238,33.35330422,-111.9725655,AB+,1
Jean Stubbs,503-318-6623,33.4572269,-112.2003026,B-,1
Clayton Hatfield,391-069-0925,33.57520765,-111.9571687,A+,1
Roland Messinger,569-085-0922,33.41508155,-112.1404062,AB+,0
Beverly Meyers,523-673-0655,33.60502898,-112.0862466,AB-,0
Tanya Dean,846-762-7670,33.53137822,-112.0056418,B+,0
Gary Espinosa,913-863-2803,33.23886897,-112.0983687,O-,1
Benjamin Escobar,100-287-8831,33.25175633,-112.0724353,O+,0
Lisa Hancock,837-103-2727,33.20641595,-112.0336673,A+,1
Norman Rasmussen,726-093-3147,33.33451742,-112.1661196,AB-,1
Susan Wingfield,260-560-9075,33.3497775,-112.0369664,A-,1
Lashawn Jones,921-549-8559,33.70167633,-112.0807279,AB+,1
Jose Harmon,247-444-1714,33.40730422,-112.1520596,O-,1
Nellie Spurlock,168-589-4246,33.44402189,-111.9587894,AB+,1
Martin Wells,765-789-5922,33.43282437,-112.1964673,AB+,1
Marylee Winchell,807-428-7724,33.27267418,-112.1171403,A-,1
Anita Castro,990-682-0313,33.23193443,-112.0719521,AB+,0
Molly Field,272-690-7932,33.48398693,-112.1806526,AB-,0
Nancy Nichols,479-240-3643,33.68142857,-112.0718928,AB-,1
Ernest Stetson,736-355-5010,33.47389009,-112.0103362,O+,0
Eleanor Figg,432-481-6234,33.62963207,-112.0862977,A+,0
Tara Slocum,826-585-8543,33.63226084,-112.0443292,B+,1
Gordon Davis,719-819-8907,33.25630045,-112.0240478,B+,1
Karen Bailey,316-244-1268,33.59581432,-112.1537548,A+,1
Ilda Blue,931-417-9541,33.54066979,-112.0981678,A+,0
Jack White,988-391-9696,33.4573178,-112.1252551,A-,0
Suzette Goldberg,782-441-9543,33.41675971,-112.111615,A-,0
Karl Gerecke,509-046-8272,33.68304957,-112.0201422,A+,1
Jeanette Jackson,564-279-9434,33.19457758,-112.0635487,AB+,1
Carlos Eastburn,939-044-2594,33.3645192,-112.1767875,A+,1
Ginger Lomago,915-741-4870,33.41950867,-112.0865062,B+,1
Lucille Hampton,513-044-1774,33.44697397,-112.1356613,B-,1
Meredith Gardner,896-430-8603,33.49174155,-112.1940779,O-,1
Manuel Middleton,553-014-1184,33.47039982,-111.9405845,A-,0
Kurt Lowman,630-546-2912,33.27082066,-111.9935883,AB-,1
Virginia Franklin,389-533-5698,33.55334828,-112.0797033,A-,1
Larry Russo,712-459-9642,33.41431563,-112.1657626,O+,0
Dominic Sultan,175-161-5993,33.37180964,-112.1105249,AB-,1
Eddie Castle,206-391-1600,33.56902757,-112.0643865,AB+,0
Deborah Mcdermott,841-333-4316,33.61006757,-112.1166555,AB-,0
Alvin Towner,956-588-7721,33.39424029,-112.0187661,AB+,1
Brent Santiago,635-869-1094,33.5556021,-112.0316911,B+,1
Michael Kaina,931-535-2899,33.51882633,-112.1454274,O-,0
Thomas Norris,405-331-5733,33.4539173,-112.1153746,B+,1
Jack Powell,281-502-2442,33.63194243,-111.9790665,AB-,1
Mark Tompkins,674-707-7630,33.52283997,-112.0366175,A-,0
Ralph Benson,720-093-8645,33.55503874,-112.1811894,A-,0
Derek Weaver,273-675-9782,33.2340117,-112.1393815,O-,0
Robert Nicholson,178-610-4588,33.35562793,-111.9760245,B+,0
Charles Twyman,976-115-1660,33.67978216,-112.0693655,A-,0
Melissa Durso,154-520-3417,33.37586208,-112.1173429,O+,0
Norma Nobles,523-097-8181,33.39531213,-112.0926769,B+,0
Curtis Rasmussen,183-499-5181,33.28351961,-112.1125255,B+,1
Judy Gramm,294-768-3263,33.58623462,-112.0953914,O-,0
Valencia Walker,738-281-3324,33.43537079,-112.1732505,B-,1
Jean Tsai,377-437-3763,33.54731787,-111.9514994,AB+,0
Dana Eddy,210-609-5296,33.40493492,-112.1971044,A-,0
Robert Moll,621-614-5847,33.45986687,-112.1976437,AB-,0
Preston Bryant,944-321-4191,33.5731282,-112.0382043,O+,0
Alexis Meyer,806-567-2700,33.59287022,-112.0570667,A-,0
Linda Sell,605-059-8946,33.62932879,-112.0050161,B-,1
Jesus Newman,851-133-7235,33.50348031,-112.0103728,A+,0
Rafael Lopez,213-740-6253,33.51837555,-111.9717536,A-,0
Billy Hyde,547-005-0947,33.35129831,-112.1863225,A+,0
Wanda Rich,127-852-8540,33.31604136,-111.970159,AB-,1
John Lawrence,243-799-7800,33.41734271,-111.9743382,O-,0
Teresa Reigstad,400-776-7436,33.44619678,-112.1277259,O-,1
Linda Nease,187-561-6549,33.40671911,-111.945889,A+,1
Kenneth Gregory,709-299-1639,33.22086175,-112.0699865,O+,1
Thelma Letendre,418-079-0669,33.50635929,-112.0481463,AB-,0
Diane Dombroski,921-075-5137,33.4587036,-112.1097122,A-,0
Margaret Gentry,982-194-3460,33.40768595,-111.9416853,A+,0
Matthew Houston,207-313-2443,33.50210716,-111.9873491,AB+,0
Kim Aaberg,200-093-2246,33.61825652,-111.992229,O-,1
Charles Brumfield,729-255-4476,33.40968046,-111.9735972,B-,0
Clifford Stuckey,110-471-7216,33.51917744,-112.200617,AB-,0
Diana Hibbard,122-001-3561,33.24689197,-112.0647406,A+,0
Lynda Sands,314-397-8726,33.5179257,-112.1672427,B+,0
Patricia Baker,951-660-6004,33.38714124,-112.1224809,B-,1
David Pearsall,884-765-2011,33.39480711,-111.9897846,AB-,0
Sandra Theriault,425-098-4930,33.40269147,-112.1677472,A-,0
Alan Obrian,603-237-6561,33.42716202,-112.2043823,AB+,0
Diane Murphy,933-598-2803,33.24158155,-112.1303564,AB+,0
Deborah Marble,340-070-3201,33.59654265,-112.1794793,A+,0
Randolph Ezell,918-056-7065,33.32296669,-111.9845704,AB-,0
Amy Wirth,252-546-1346,33.61022997,-112.0709488,B+,1
Brett Shearer,743-735-2266,33.51626679,-112.0561759,A-,0
Lisa Stepp,656-849-6004,33.50608585,-112.1727785,AB+,0
Clyde Remington,713-693-7917,33.49501428,-112.045201,B+,1
Chad Wood,894-422-5826,33.59809653,-112.1592003,B+,0
Julia Sanders,118-494-8034,33.45004224,-112.025981,O-,0
Jack Nance,624-348-6587,33.26941847,-112.0777257,O+,0
Ross Loney,240-300-1858,33.66948471,-112.1438393,AB-,0
Katherine Milligan,641-308-8338,33.3982785,-112.1019723,A+,0
Rosalie Eshelman,312-672-5689,33.4412679,-112.0102569,B+,0
Samantha Tagliente,216-120-7044,33.1944661,-112.0594619,B-,0
Julie White,372-165-8260,33.39270745,-112.0161916,O-,0
Ellen Street,297-578-3327,33.22455335,-112.0956881,O-,0
William Stalling,634-555-1348,33.28574533,-111.9765307,A+,0
Maricela Scott,181-443-3510,33.47298978,-112.1747691,B-,0
Matthew Catchings,803-152-4460,33.65769939,-112.0616632,AB-,0
Victoria Right,217-809-0964,33.4992097,-112.1188077,B-,0
Rita Mason,452-394-8900,33.56156652,-112.1649806,AB+,0
Terrence Johnson,144-621-1583,33.54352119,-112.1881306,AB-,0
Mae Nystrom,651-593-4714,33.37171983,-112.1447927,B+,1
Holly Dehaan,518-728-3120,33.55145311,-112.1219662,O-,0
Howard Echeverria,790-502-7834,33.41887177,-112.0256842,B+,0
Vincent Dixon,361-018-4890,33.55575801,-112.0645955,B-,0
Michele Bagshaw,854-458-6140,33.62102009,-112.0060712,AB-,0
Charlotte Amorosi,715-792-3987,33.35938145,-111.9677886,A+,0
Cheryl Mcgray,803-739-0934,33.55759444,-111.9748566,A-,1
Alice Marotta,593-169-0120,33.33929106,-112.1316477,B+,0
Norma Begay,687-463-2271,33.25308249,-112.0145693,B-,0
Kenneth Kiffer,674-436-5059,33.3162174,-112.0259284,B-,0
Carlton Brown,929-729-8323,33.38056229,-112.0592529,O+,1
Joseph Lynch,422-690-4407,33.51324834,-111.9953366,B-,0
Richard Lee,139-198-1548,33.53631699,-111.9507689,O-,1
Elizabeth Mclin,827-152-6917,33.47137377,-111.9545241,A-,0
Veronica Stickfort,877-797-6266,33.51195784,-112.1341718,O+,0
William Hood,906-086-9435,33.27932747,-111.9749816,A-,0
George Lenart,245-538-8601,33.60178989,-112.1481242,AB+,0
Rachel Woodworth,104-345-5989,33.47732588,-111.9410167,A+,0
Alex Stovall,800-310-9734,33.44636191,-112.0302077,O+,0
Owen Smith,221-553-3175,33.45096763,-112.0653132,AB+,0
Joyce Inverso,149-864-3393,33.39136338,-112.1874113,B+,0
Dewayne Brubaker,426-056-7857,33.49498794,-112.0267169,A-,0
Marc Hoskins,854-417-6402,33.67595369,-112.1108936,O-,0
Carey Taylor,725-604-4415,33.3159523,-112.0198516,AB-,0
Billy Foster,754-760-7033,33.51141476,-112.1631814,A-,0
Donna Rowden,250-493-0571,33.28166829,-112.0771862,B+,0
Ruth Riley,400-752-0249,33.39845022,-112.1626092,AB+,0
Carmen Gomez,692-021-9950,33.55762042,-111.9650094,B+,1
Stephen Lamay,881-692-3702,33.54211044,-112.0693769,B+,1
Ann Marion,505-857-5125,33.32237817,-112.114528,B-,0
Irene Summers,180-878-5966,33.62745174,-112.0131923,O-,0
Delfina Luckie,937-252-8246,33.35805509,-111.9904727,B+,0
Merle Venable,602-123-6786,33.5093521,-112.1505901,O-,1
Terrell Mcinnis,102-041-0357,33.63712892,-112.0190544,B+,0
Sue Mullins,822-087-8244,33.2632379,-112.0233735,A-,0
Pauline Grosse,948-857-0574,33.58453768,-112.1320843,AB+,0
Matthew Jenkins,641-711-1118,33.5798481,-111.9825328,B+,0
Kandra Scott,626-490-9562,33.4930596,-111.9781731,O+,0
Erin Cormier,308-166-3612,33.36789043,-111.9991212,AB-,0
Maria Howe,427-540-7751,33.39545563,-112.1227255,O+,0
Charlie Wade,310-400-7404,33.59582508,-112.1531514,B-,0
Barry Vedder,470-187-1699,33.3897952,-112.1906086,O-,0
Frankie Nolasco,652-718-6198,33.35436076,-112.0569957,A-,0
James Parkman,104-453-8358,33.33767347,-112.0396727,A+,0
Gwendolyn Dobbins,782-337-5166,33.23486051,-112.0703957,AB+,0
Hans Graham,613-687-7494,33.53504536,-112.193041,A-,0
John Stockman,757-787-7658,33.70598497,-112.0722275,A-,0
Carl Hilty,604-344-1929,33.48161922,-112.0493272,AB-,0
David Beck,138-301-2730,33.57436416,-112.1368242,AB-,0
Victor Pope,836-013-6148,33.50677468,-112.1941678,O+,0
James Sanchez,329-636-4213,33.6640961,-112.1459403,AB-,0
Chad Douglas,621-444-2670,33.5554683,-111.9949419,A+,0
Duncan Howard,909-104-9006,33.45141864,-111.9583616,B+,0
Alan Southward,944-073-2098,33.43397281,-112.1862138,O-,0
Joseph Randle,939-103-9564,33.2412474,-112.146974,A-,0
Charlie Breden,435-631-2208,33.47283252,-112.0124044,O-,1
Ernest Edwards,477-546-4795,33.47363812,-112.0053779,B-,0
Richard Seitz,800-060-4955,33.4822036,-112.1979439,B+,1
Linda Green,843-673-5228,33.21006936,-112.1085077,A+,0
Bettye Stoller,124-128-3011,33.60014004,-112.0194309,O+,0
Gracie Bass,338-575-0329,33.488406,-112.0834698,A-,0
James Cortez,753-610-5045,33.48141923,-112.0005917,AB-,0
Sheila Castillo,978-506-8782,33.46191148,-111.9438566,AB+,0
Mary Avans,295-142-1874,33.31428452,-112.0412455,B-,0
Guy Tullar,704-178-6832,33.55586376,-112.0476886,B-,0
Jackie Green,358-039-0651,33.63723096,-112.0401349,O-,0
Carol Coleman,298-546-8589,33.37501529,-112.0831501,O-,0
Margaret Cummings,186-866-7077,33.49146061,-112.0917095,AB-,0
Monica Nollman,546-584-8464,33.240575,-112.1437034,A+,1
Robert Johnson,467-149-2013,33.39106953,-112.1621004,A-,0
Jonathan Phillips,329-008-9799,33.21720167,-112.1050412,O-,0
Danny Rodriguez,487-465-4138,33.57365801,-112.1521653,AB-,0
Michael Hufft,125-540-1907,33.42120042,-112.1942267,A-,0
Christopher Allen,779-824-9684,33.45304721,-112.1532279,B-,0
Pedro Jones,173-212-4438,33.46497474,-112.0591431,B+,0
James Wicks,637-461-0678,33.47990853,-112.0755563,B+,0
Vernon Mckenna,590-580-9997,33.53807076,-112.1815408,AB+,0
Berniece Crayton,685-457-6099,33.39501756,-112.1005757,B-,0
Stephen Sellers,731-117-5220,33.36743345,-112.0700335,A+,0
James Anderson,678-692-0909,33.24955142,-112.1065227,B+,0
Amy Clark,205-483-8017,33.59715317,-112.0675037,B-,0
Robert Tavares,836-399-0452,33.29499307,-111.9878534,AB-,0
Brenda Casson,903-761-0441,33.62874415,-112.1548221,O+,0
Maria Davis,103-825-4034,33.37692652,-112.0941886,B+,1
John Lynch,844-838-4448,33.30956621,-112.1300834,A+,0
Esther Stoney,110-054-8608,33.57225465,-112.0173818,A-,0
Joy Mack,982-338-7988,33.54649401,-112.0998131,B-,0
Teresa Dunn,539-214-3571,33.31635044,-112.0017914,AB+,0
Steven Marashio,196-865-0234,33.35064181,-112.0148542,B+,0
Angela Jordan,493-796-7635,33.35766918,-112.1616695,O-,0
Neil Lawless,602-046-5838,33.20762895,-112.0656363,A+,0
Larry Floyd,246-620-8543,33.43595271,-112.0026964,AB-,0
Toi Enstad,397-829-5577,33.31210989,-112.1583318,AB-,0
Ella Johnson,951-169-0309,33.52019648,-111.9965278,AB-,0
Richard Gourley,820-287-7871,33.33860146,-112.157798,B+,0
Seymour Hardison,289-504-7801,33.47184731,-112.1796643,O-,0
Joan Murray,569-522-9233,33.25908363,-112.0682681,O-,1
Carol Wiedman,561-623-8424,33.32335198,-111.9714748,AB-,0
James Spohr,647-231-7404,33.47433308,-111.9861752,O-,0
Russell Calle,279-291-6934,33.30251713,-112.0404221,B+,0
Sherry Ricker,728-503-1527,33.35955781,-112.1132557,AB+,1
Steven Lindsay,939-639-8559,33.33557907,-112.0620974,O-,0
William Roberts,464-194-5086,33.59885991,-112.0077055,B+,0
Elizabeth Groomes,668-639-5136,33.42867934,-112.043448,B+,0
Albert Courtney,916-525-1644,33.36988439,-112.0081847,AB+,0
William Baker,797-428-5173,33.50433407,-112.1829439,A-,0
Darlene Wise,891-619-7571,33.3572803,-112.1226229,O+,0
Ruth Rice,206-408-3065,33.62888639,-112.0111506,AB-,0
Bessie Jones,247-835-3520,33.45258784,-111.9879089,AB+,0
Jacob Mons,965-023-8450,33.49978944,-112.1030876,O-,0
Delmer Badgett,856-450-8991,33.32628639,-112.1435352,O-,0
Joseph Matz,746-158-0493,33.43477363,-111.9948433,B+,0
Gregory Dunlap,812-546-9821,33.31509987,-111.9789652,O-,0
Richard Ratermann,718-619-0100,33.5346152,-112.0612602,A-,0
Alicia Galvin,548-128-1922,33.43911255,-112.1915872,A+,0
David Julian,366-763-7599,33.36165646,-111.9548066,O-,0
Carl Bolyard,487-442-6236,33.31919611,-112.065392,AB-,0
Jason Norris,759-132-9082,33.55389929,-112.021061,O-,0
Justine Ellis,732-341-9052,33.55975696,-112.1834083,A+,0
Joanne Sabir,200-023-6305,33.44430055,-112.0417845,B+,0
Robert Jones,309-807-1783,33.46477192,-111.9993639,O-,1
Bryan Lombardi,803-103-7067,33.41576775,-112.1318318,AB+,0
Carol Foster,763-150-0985,33.66232577,-112.1455839,A+,0
Louis Schuster,697-272-0460,33.49993469,-112.189527,B-,0
David Roche,802-486-3566,33.6464873,-112.1497672,AB+,0
Roger Fanno,548-647-8635,33.31056192,-112.1103573,O-,0
Mary Richardson,766-875-7304,33.5948651,-112.1211699,B-,0
Terri Davis,821-565-5291,33.34759261,-112.0298967,B+,0
Patti Tang,632-817-6033,33.43874996,-112.1090825,AB-,0
Maynard Brock,155-286-1409,33.42524473,-112.1029523,AB+,0
Kenneth Niday,418-711-4304,33.25208052,-112.1157458,A+,0
Cletus Briggs,958-447-3900,33.48367075,-112.1761888,A-,0
Craig Smith,261-666-2878,33.31023815,-112.0054599,AB-,0
Virginia Wilkinson,839-303-9360,33.59862959,-111.9961586,AB-,0
Kris Romano,214-324-3289,33.48181933,-112.1102487,O-,0
Grace Edmonds,877-732-4461,33.38224266,-112.0200692,AB-,0
