Recency,Frequency,Monetary,Time,Label,Name,Blood Group,Phone Number,Lat,Long
2,50,12500,98,1,David Young,B+,743-107-8251,33.515607204649676,-111.95895885893414
0,13,3250,28,1,Vincent Cremeans,AB+,367-391-1765,33.58089391707926,-112.15050817575269
1,16,4000,35,1,Jason Munoz,AB-,561-723-7137,33.62814856802614,-112.00496708144776
2,20,5000,45,1,Becky Oconnor,AB-,257-511-0139,33.52506713218272,-112.07045877257596
1,24,6000,77,0,Mickey Chavez,A+,732-421-0985,33.36180673388215,-111.98908445565525
4,4,1000,4,0,Amanda Sanchez,O-,748-758-5125,33.42295485720783,-112.15518681828762
2,7,1750,14,1,Mark Frye,O-,204-314-6004,33.43954770469174,-112.06105006246032
1,12,3000,35,0,Erin Tabor,AB-,842-172-3112,33.62830925587211,-112.13877368432004
2,9,2250,22,1,Laverne Nardone,O-,967-295-8605,33.588711865778095,-112.1569721786158
5,46,11500,98,1,Jasper Beals,O+,484-287-4215,33.360061917417696,-112.12675183865682
4,23,5750,58,0,Jerry Gonzalas,B+,858-349-6741,33.54079699752423,-112.0319339992409
0,3,750,4,0,Janet Tomasek,O-,719-166-3729,33.30039626195114,-111.99300135626193
2,10,2500,28,1,Douglas Cook,A+,212-706-6707,33.379198408480455,-112.19167164629137
1,13,3250,47,0,Steven Tomlin,A-,629-205-0580,33.34682050697536,-112.10649574075819
2,6,1500,15,1,Corina Pineda,AB+,741-759-5781,33.48365163099,-111.94742611869846
2,5,1250,11,1,Frank Chung,AB-,166-305-0731,33.61812957599396,-112.0642264080381
2,14,3500,48,1,Martin Vierra,A-,499-485-1390,33.57748541451002,-112.17675444023469
2,15,3750,49,1,Tomasa Brown,O-,691-231-6834,33.55203666820537,-112.15278101097837
2,6,1500,15,1,Mary Smith,AB-,667-577-8363,33.442141562560636,-112.0614692727971
2,3,750,4,1,Lorraine Gonzalez,A-,692-754-2247,33.2547326622108,-112.03884872033798
2,3,750,4,1,Alicia Flens,AB-,819-085-2336,33.431054909999986,-111.97261296243686
4,11,2750,28,0,Michael Johnson,B+,723-690-8728,33.69742086692289,-112.06035534741477
2,6,1500,16,1,Carey Gipson,AB-,948-579-4539,33.23266152816947,-112.0326031025243
2,6,1500,16,1,Kayla Ibarra,B-,462-709-3092,33.53430769652518,-112.18245497420033
9,9,2250,16,0,Blanca Roden,A+,947-087-7099,33.604069614938425,-112.05358965051283
4,14,3500,40,0,Frederick Desotel,AB-,608-155-8810,33.611475871139476,-112.02080834898118
4,6,1500,14,0,James Mullins,O-,544-328-5303,33.460734567255074,-111.9568571700618
4,12,3000,34,1,Richard Moore,A-,335-654-4456,33.51116431241017,-111.99907191377834
4,5,1250,11,1,Sandra Clark,A+,849-813-8636,33.52333195187522,-112.04883346860846
4,8,2000,21,0,Joseph Sawyer,AB+,789-022-0598,33.33765672450626,-112.07608997339338
1,14,3500,58,0,Williams Montes,A-,722-224-7988,33.42115738680485,-112.1451753008527
4,10,2500,28,1,Ana Flowers,O+,828-227-5149,33.358031109292554,-112.17945754599455
4,10,2500,28,1,Pam Steele,A-,370-116-6056,33.563577142747356,-112.08043091260286
4,9,2250,26,1,Jesica Vandercook,B-,966-776-1483,33.42294587476727,-112.14075912226198
2,16,4000,64,0,Mark Postlewait,B+,553-577-3900,33.361911523127105,-111.96087299525149
2,8,2000,28,1,David Olson,A+,707-785-7665,33.63597630939067,-112.00685432178626
2,12,3000,47,1,George Kopp,B-,146-641-6193,33.34242281623823,-112.1808738297737
4,6,1500,16,1,Tiffany Anderson,O-,201-883-4357,33.23556958130582,-112.02020606152838
2,14,3500,57,1,Ollie Potts,AB-,705-531-8751,33.397165609919185,-111.95362228449507
4,7,1750,22,1,Kevin Paar,A+,560-062-7701,33.28177996202892,-112.12075498978025
2,13,3250,53,1,Kraig Day,B+,839-122-0419,33.24796013915753,-112.09879672050634
2,5,1250,16,0,Ray Smullen,B-,804-771-6137,33.42944624260563,-111.95082045557754
2,5,1250,16,1,Herbert Quarles,B-,841-087-5861,33.52376027775569,-112.09963483075136
2,5,1250,16,0,Alisha Morris,B+,258-880-7073,33.43409496637113,-112.0146365684475
4,20,5000,69,1,Raymond Sines,B+,477-367-3073,33.51894090091321,-111.99573358936013
4,9,2250,28,1,Donald Coleman,A+,127-420-3546,33.31294669150655,-112.00368887736809
2,9,2250,36,0,Gregory Wrisley,B-,912-803-0241,33.43485080650744,-112.05022708076201
2,2,500,2,0,Chanell Stanesic,B-,841-884-6587,33.33454020884085,-112.17495957349573
2,2,500,2,0,Faith Elrod,B-,419-108-9017,33.63146349902445,-112.07481198524911
2,2,500,2,0,Hazel Emch,A-,293-713-2699,33.20489247758155,-112.09531020477738
2,11,2750,46,0,Norine Sears,O+,915-792-1990,33.48031283421875,-112.18881999620235
2,11,2750,46,1,Thomas Matheson,A-,429-208-2749,33.54765956717487,-111.95178192853793
2,6,1500,22,0,Lakesha Graham,O+,810-120-6320,33.31487663545121,-112.15307501426518
2,12,3000,52,0,Melvin Almendarez,O-,395-481-5429,33.46107346160803,-112.11308952998851
4,5,1250,14,1,Fernando Oconner,AB-,661-455-0862,33.35994680187839,-111.9662317057428
4,19,4750,69,1,Katherine Gifford,AB-,877-886-3851,33.36764040959509,-112.0814346645312
4,8,2000,26,1,Dewayne Rodriguez,B-,729-321-9018,33.536156938027275,-111.9590820351061
2,7,1750,28,1,John Douglas,O-,733-128-8256,33.201690615380635,-112.10546626247152
2,16,4000,81,0,Adam Asbill,O+,861-554-9799,33.648543579936074,-112.11175074896389
3,6,1500,21,0,Charles Aubert,AB+,580-055-3103,33.66496009435781,-112.13950824868348
2,7,1750,29,0,Dorothy Manery,O-,195-440-3849,33.29177031810582,-112.09522638981352
2,8,2000,35,1,Nathan Fonte,O-,659-594-1106,33.53392019705557,-111.96650833830576
2,10,2500,49,0,Carl Losinski,B+,263-274-5516,33.28901794847059,-112.00412186280245
4,5,1250,16,1,Frank Rowan,B-,172-880-7175,33.40182056876543,-112.04014766533118
2,3,750,9,1,William Dashner,AB+,723-484-0229,33.49890590786448,-112.1115947028864
3,16,4000,74,0,Angela Aiyer,AB+,617-755-6428,33.40517869575143,-112.04367234825476
2,4,1000,14,1,Anna Deakins,O-,351-439-3248,33.524654697626055,-111.99641836173895
0,2,500,4,0,Sharla Barlow,A-,919-543-7223,33.31945934771937,-112.01008328945983
4,7,1750,25,0,George Owens,AB+,540-786-9372,33.34889300800714,-112.06732954542663
1,9,2250,51,0,Frank Morales,B+,747-603-2404,33.68747697820442,-112.04959381145433
2,4,1000,16,0,James Swartz,AB-,936-626-4449,33.551013615108374,-112.03251917528006
2,4,1000,16,0,Jean Isaac,B-,878-030-7597,33.580793894675686,-112.10955613630364
4,17,4250,71,1,Anne Maynard,O+,636-510-2047,33.6041370798347,-112.1310401528795
2,2,500,4,0,Nancy Krueger,O+,329-654-3451,33.49060619659199,-112.13272886801829
2,2,500,4,1,Judith Hogue,A-,821-310-7378,33.41473574924611,-111.9599749295968
2,2,500,4,1,Daniel Grace,AB+,124-382-7609,33.58262770556225,-112.048171311903
2,4,1000,16,1,Jody Piles,AB-,648-438-4520,33.31946726305323,-111.99546285198716
2,2,500,4,0,Steven Wolfe,A+,472-064-8201,33.65039641554711,-112.10323223491874
2,2,500,4,0,Shawn Smith,AB+,199-209-5151,33.396037557603464,-112.20028915150587
2,2,500,4,0,Patsy Terry,AB+,642-229-0004,33.482220594779655,-112.01825725393526
4,6,1500,23,1,Laura Ferrante,O-,500-114-5568,33.45724758165233,-112.16768502672858
2,4,1000,16,0,Julia Lewis,A+,691-018-1404,33.62491888332782,-112.0494510781077
2,4,1000,16,0,Viola Kessel,AB+,369-382-5377,33.562777580519544,-111.96200106207979
2,4,1000,16,0,Danny Sorel,AB-,853-758-6704,33.632884083150536,-112.11697593219715
2,6,1500,28,1,Tara Willadsen,AB+,704-637-7769,33.54974418092209,-112.1556212181815
2,6,1500,28,0,John Sloan,B+,793-626-2941,33.55619918254832,-112.09599236444794
4,2,500,4,0,Eugene Safdeye,O+,187-664-1741,33.28942183463895,-112.04624543768422
4,2,500,4,0,Vera Smith,O-,361-474-6382,33.31382279717264,-112.0476887272516
4,2,500,4,0,Christen Kelley,O+,696-101-0634,33.45593105570065,-112.02300749957914
2,7,1750,35,1,Alvin Zuniga,O+,872-274-4286,33.546049985002234,-112.16522804759347
4,2,500,4,1,William Skar,B-,945-494-6272,33.259791127629484,-112.13419975678478
4,2,500,4,0,Kathleen Griswold,O-,934-076-0786,33.63959097555995,-112.04149478558561
4,2,500,4,0,Sandra Goodell,O-,318-651-2838,33.55572624563689,-111.97654974681544
4,2,500,4,0,Robert Coleman,AB-,589-384-9179,33.57445964460659,-112.17326229582679
12,11,2750,23,0,Ray Wendte,O+,579-482-4030,33.549733737178485,-111.9917904344198
4,7,1750,28,0,Barbara Thompson,A+,768-730-0985,33.60140186765736,-112.14559619013872
3,17,4250,86,0,Robert Manson,A+,383-059-0106,33.342157496493435,-112.09250229831487
4,9,2250,38,1,Paul Garcia,A-,311-862-3263,33.23379535019775,-112.00414442375252
4,4,1000,14,1,Michael Giannavola,A-,680-778-5814,33.51738169070799,-112.15329411270423
5,7,1750,26,1,Joan Gaines,B-,992-502-8764,33.2789540988968,-111.98805659903348
4,8,2000,34,1,Mary Rivera,AB+,320-882-1748,33.46818082140544,-112.07428877633075
2,13,3250,76,1,Rona Martin,O+,591-067-2658,33.33479141815853,-112.07775510727735
4,9,2250,40,0,Carol Little,O-,791-711-5963,33.418440613930336,-112.14089329153407
2,5,1250,26,0,Jennifer Chaput,O-,349-728-6140,33.20977757020488,-112.02495142064477
2,5,1250,26,0,Denise Murphy,AB-,543-745-1328,33.52971272526884,-111.99178642433895
6,17,4250,70,0,Joy Numbers,AB+,415-031-1999,33.21678661600541,-112.09484956769369
0,8,2000,59,0,Lorena Alexander,B-,830-462-0389,33.351838418609205,-112.02053569013265
3,5,1250,26,0,Louise Happel,O+,914-581-0870,33.43882209718286,-112.11887632146409
2,3,750,14,0,Annie Ford,O-,672-522-3954,33.42842558230381,-112.03658668900535
2,10,2500,64,0,Luther Cronin,A+,752-653-5646,33.449668480806515,-112.05876439822488
4,5,1250,23,1,Alex Humbert,A+,318-839-1110,33.34276866805604,-112.12650331368326
4,9,2250,46,0,Juan Greene,AB+,482-022-5143,33.52178808837665,-111.9838472193325
4,5,1250,23,0,Morton Rodriguez,B-,667-234-6387,33.584041189237695,-112.18838353096442
4,8,2000,40,1,Mary Ratliff,O+,645-174-2285,33.66966639094307,-112.09538790854683
2,12,3000,82,0,Thomas Rome,B-,640-619-8563,33.5023803624499,-112.13086752450666
11,24,6000,64,0,Thomas Rutherford,B-,615-471-7275,33.302508239211704,-111.96986130181662
2,7,1750,46,1,Barbara Daniels,A+,868-005-2569,33.36313079339168,-111.98304470238726
4,11,2750,61,0,Ronald Ogle,B+,566-719-1574,33.50987185268577,-112.10188295061161
1,7,1750,57,0,Samual Lewis,B-,167-830-2511,33.55276865368916,-112.09642400381915
2,11,2750,79,1,Russell Franz,O+,607-480-4824,33.481941283976354,-111.97116601883037
2,3,750,16,1,Donald Scavuzzo,AB-,864-789-8065,33.308745648537965,-112.15512984385725
4,5,1250,26,1,George Nakken,A+,406-608-6722,33.44542233004487,-112.15908803539284
2,6,1500,41,1,Robert Person,B-,349-349-3712,33.5999981179007,-112.07144041681943
2,5,1250,33,1,Frances Butler,AB-,649-299-2555,33.55090707522414,-112.16729135041241
2,4,1000,26,0,Tom West,AB-,295-673-0532,33.62904636814937,-112.0247428755564
2,5,1250,34,0,Donna Sampieri,O+,374-888-7308,33.613440399531946,-111.97045334601556
4,8,2000,46,1,Robert Lyons,A+,289-567-4528,33.56157839490609,-112.07611383613471
2,4,1000,26,0,Laura Smuin,A+,949-121-0318,33.32994010004666,-112.17132047333632
4,8,2000,48,1,Carla Lacount,O+,856-525-6153,33.322522903089265,-112.1323047124637
2,2,500,10,1,Melissa Woods,A-,450-404-7010,33.64836259517805,-112.15007020979881
4,5,1250,28,0,Charles Murray,B+,356-417-1590,33.50769006973763,-112.19875484889292
2,12,3000,95,0,Russell Miller,AB+,255-490-3291,33.60006441861562,-112.12273853695669
2,2,500,10,0,Judith Mowery,B-,440-507-3720,33.47431327281986,-111.94306495903713
4,6,1500,35,0,Daniel Heatly,A+,784-496-9850,33.45986114656186,-112.18302577010496
2,11,2750,88,0,John Patel,O-,153-755-7731,33.50142444904614,-112.09634587138413
2,3,750,19,0,Adeline Beltran,A+,952-100-5146,33.41781881353732,-111.99960754503357
2,5,1250,37,0,Robert Woodbury,O+,204-533-5254,33.33524956272914,-112.02563334686431
2,12,3000,98,0,Stephanie Cinotti,AB-,758-374-6641,33.598603271216675,-112.1233058371067
9,5,1250,19,0,Charles Shields,O+,822-035-8694,33.32061316501596,-112.18760900859532
2,2,500,11,0,Earl Stephens,O+,347-355-3547,33.21369783100666,-112.0474326108058
2,9,2250,74,0,John Wolf,AB+,928-457-7549,33.59564985131377,-111.97835612458199
5,14,3500,86,0,Theodore Lewis,AB-,888-561-0992,33.20125474160216,-112.06037390526791
4,3,750,16,0,Joey Cracchiolo,A+,693-852-5715,33.53799589101876,-112.06482804496275
4,3,750,16,0,Wayne Fogle,B+,314-817-5419,33.43906373393145,-112.1110102705241
4,2,500,9,1,Audrey Werre,A+,194-084-3121,33.58258611650957,-112.14081124902766
4,3,750,16,1,Billie Seiber,A+,144-084-4436,33.42951553785868,-112.07121933167
6,3,750,14,0,Patricia Richardson,AB+,897-619-8031,33.465843083506655,-112.16406897668202
2,2,500,11,0,Jennifer Garcia,A+,755-112-9565,33.43040045169043,-112.15686388932427
2,2,500,11,1,Debbie Fink,A+,400-775-8458,33.695773750510845,-112.09749646771971
2,2,500,11,0,Michael Welch,O-,423-229-2034,33.501961510297164,-112.10493732560627
2,7,1750,58,1,Lisa Thornley,A+,602-077-9552,33.34975032170483,-111.96330489290712
4,6,1500,39,0,David Aguilar,B+,923-384-3907,33.391824118053655,-112.07120187781914
4,11,2750,78,0,Sheri Brooks,O+,996-202-4893,33.6594544356342,-112.03598627981445
2,1,250,2,1,Rose Schwein,A+,616-629-3359,33.294718431890026,-112.0827547616638
2,1,250,2,0,Andrew Caron,AB+,479-005-2001,33.41406509310389,-112.06835503969037
2,1,250,2,0,Charles Lambert,B+,836-829-3645,33.43286786965498,-112.1857075685296
2,1,250,2,0,Malia Graig,AB+,181-713-7155,33.44077744824154,-111.98196352117682
2,1,250,2,0,Pamela Johnson,B+,715-694-5406,33.224039443149735,-112.00816405187395
2,1,250,2,0,Stella Leggett,O-,314-046-1695,33.39250264892473,-112.03741832760606
2,1,250,2,0,Darryl Pelote,AB+,952-233-2053,33.65991391173756,-112.13630837987988
2,1,250,2,0,Jeri Maxwell,O-,120-150-5512,33.46922982722096,-111.97732749665086
2,1,250,2,0,Cammie Ortiz,B-,572-549-6097,33.68455343409578,-112.0231148653637
2,1,250,2,0,John Clark,A-,441-553-6229,33.44637638993557,-112.193669308706
2,1,250,2,1,Crystal Long,B-,880-874-4603,33.39818890286609,-111.98133298794666
2,1,250,2,1,Julie Wilson,O+,229-271-4059,33.413619205378396,-112.14329485453462
2,1,250,2,1,Bethany Whitaker,O-,434-886-3880,33.50716190936634,-112.14516716023961
2,1,250,2,0,Elizabeth Andre,B-,316-200-7665,33.5724622939629,-111.99336417815648
2,1,250,2,0,Lydia Quinonez,B+,349-868-1649,33.22431741412652,-112.10919068988547
2,1,250,2,0,Michele Malley,AB-,548-449-2461,33.35602943030676,-112.00572194788145
2,1,250,2,0,Gregory Mckinley,B+,519-693-9272,33.3932896477549,-112.07424377898853
2,1,250,2,0,Ernestine Arnold,A-,373-119-5822,33.568029654224745,-112.15418877801815
2,1,250,2,0,Gloria Webb,B-,612-116-4644,33.43556274416077,-112.03583088013895
2,1,250,2,0,Penny Foster,AB-,142-015-8791,33.53112119632998,-112.15118347216004
2,1,250,2,0,Lawrence Sylla,A-,135-543-2845,33.31930852355681,-112.07088051479484
2,1,250,2,0,Bradly Moore,B+,336-654-0589,33.4703584626123,-112.16763095370231
11,10,2500,35,0,Charles Mace,AB+,573-014-2746,33.34703318827406,-112.03960967345567
11,4,1000,16,1,Melinda Melendez,B+,132-090-3274,33.50351828630696,-112.05784438052498
4,5,1250,33,1,Hiram Veyna,O+,638-717-3001,33.55657079626277,-112.0812745378777
4,6,1500,41,1,Angel Roberts,O-,590-139-5073,33.269133331668904,-112.12268696740725
2,3,750,22,0,Paul Nava,AB-,256-654-9543,33.6089004731464,-112.11604427320013
4,4,1000,26,1,Paul Lewis,B-,765-271-9631,33.249844887717224,-112.09787448381927
10,4,1000,16,0,Jennifer Wells,O-,779-124-6290,33.42962682448309,-112.1957389755095
2,4,1000,35,0,Barbara Braswell,A-,242-804-8139,33.687485789506916,-112.06882917547821
4,12,3000,88,0,Tim Flores,A-,664-663-2456,33.47579995021347,-112.14495049389454
13,8,2000,26,0,Mary Krause,A-,237-194-3014,33.34355921896933,-112.19445054364051
11,9,2250,33,0,Brittany Cobar,B-,915-510-1836,33.400262279370146,-111.96436096781974
4,5,1250,34,0,Bessie Ruthledge,AB+,888-010-6197,33.238676692250905,-112.03772269055771
4,4,1000,26,0,Vicky Baker,A-,486-327-2629,33.53781223525807,-112.0991499795055
8,15,3750,77,0,Lance Holton,O+,653-546-9461,33.532789492365396,-111.95294604440627
4,5,1250,35,1,Martha Amrhein,AB-,658-627-8719,33.282031696653924,-111.99514026483939
4,7,1750,52,0,Jay Montgomery,AB+,866-118-8427,33.58572118724893,-112.00449095435089
4,7,1750,52,0,Bruce Flory,O-,427-634-4189,33.30006781298366,-111.99601972289841
2,4,1000,35,0,Angela Rourke,AB-,554-090-4055,33.382919452460136,-112.00661653548934
11,11,2750,42,0,Tami Espinosa,A-,708-256-6834,33.29208923548616,-112.0388383846241
2,2,500,14,0,Simone Becker,B-,227-489-5158,33.5403959069304,-112.09465751109263
2,5,1250,47,1,Teri Walker,AB-,475-870-1172,33.67363570121317,-112.06277911313445
9,8,2000,38,1,Elmer Breen,O-,133-209-7278,33.24670756118362,-112.14345538378144
4,6,1500,47,0,William Columbus,AB-,362-748-8982,33.51890706768354,-112.03958496177717
11,7,1750,29,0,Kim Friedman,AB+,348-164-2170,33.31719983923624,-112.11623234672726
9,9,2250,45,0,Diane Chang,B+,715-844-6928,33.4814858056783,-112.12608693694376
4,6,1500,52,0,Joyce Ybarra,B+,415-274-2459,33.354154994117614,-112.1591811998067
4,7,1750,58,0,Kelly Jarvis,AB-,240-274-2906,33.28396869916754,-111.98353585276818
6,2,500,11,1,Diana Turner,B+,930-165-6565,33.33879946673308,-111.99308848982282
4,7,1750,58,0,John Lund,O-,758-716-5638,33.280331335746936,-111.99277295425618
11,9,2250,38,0,Holly Genung,AB-,772-079-2414,33.312402296161274,-112.06563160704984
11,6,1500,26,0,Sonia Hartman,B+,579-789-4021,33.28133573901464,-112.03329710657216
2,2,500,16,0,Catherine Rosas,B+,657-091-1272,33.42765474330366,-112.10084509530304
2,7,1750,76,0,Marvin Powell,B+,681-294-8111,33.452937217479295,-111.97285469820454
11,6,1500,27,0,Denise Dewar,B-,524-868-2212,33.576820650713174,-111.95970527759576
11,3,750,14,0,Doris Willemsen,O+,115-476-9000,33.30691143971327,-112.04560929023927
4,1,250,4,0,Carol Russo,AB+,285-643-5062,33.40087032403966,-111.95449321517
4,1,250,4,0,Dan Booker,AB-,943-484-5708,33.420380627381405,-112.13007056588998
4,1,250,4,0,Barbara Chapman,O-,813-644-8403,33.5226517197285,-112.13343347390474
4,1,250,4,0,John Gonzalez,O+,602-066-0050,33.38742598695459,-112.16043738020618
4,1,250,4,0,Richard Dyke,AB-,315-873-3936,33.33613060622186,-112.10258074346612
4,1,250,4,1,Leslie Randall,A+,939-694-0776,33.39880846950783,-112.0186674946769
4,1,250,4,0,Carlos Atkins,AB-,435-877-2033,33.53749369791471,-112.06662930976165
4,1,250,4,0,Mary Marsden,B-,654-323-0432,33.56874509259544,-111.96380871534222
4,1,250,4,0,Ryan Conlisk,O-,873-016-6147,33.40088690766505,-111.94421576598624
4,1,250,4,0,Jamie Alexander,B-,723-859-8460,33.52893010502856,-111.95084139824388
4,1,250,4,0,Ashley Steinberg,AB+,324-421-8987,33.4084736162969,-111.9641606452361
4,1,250,4,1,Stephen Castano,B-,756-382-0087,33.327586361480726,-112.11434283972874
4,1,250,4,1,Roger Gallegos,O+,532-443-6017,33.25641239685479,-112.05271396313857
4,1,250,4,0,Ronald Feagin,O-,255-170-8208,33.61373041938192,-112.09535995493634
4,1,250,4,1,Rosemary Mattingly,B+,870-483-1291,33.359171971286436,-112.12829947711147
4,1,250,4,1,Orville Andersen,O-,566-548-8315,33.53852680991746,-112.14420358705227
4,1,250,4,0,Tyler Jacobsen,A+,703-846-5480,33.43335295472686,-112.03187637277611
4,3,750,24,0,Marcia Ludwig,O+,412-836-9238,33.4940540099014,-112.14657331013156
4,1,250,4,0,Mary Hines,A-,313-026-1181,33.52268277811677,-112.06678209939321
4,1,250,4,0,Andrew Hamelton,A-,200-778-5651,33.42776270411062,-111.94759123035637
4,1,250,4,0,Alfred Buss,B+,552-198-6170,33.558771955625524,-112.19325161806319
4,1,250,4,1,Tim Lieberman,AB+,329-435-1772,33.45728191687541,-111.98346545579854
4,1,250,4,0,Herbert Arrey,B-,248-616-6251,33.44199703616818,-112.11101702881238
10,8,2000,39,0,Donna Case,AB+,932-702-1030,33.46061269793672,-112.07961249221168
14,7,1750,26,0,Ronald Vent,O+,961-841-4986,33.429925799542694,-112.10071889430736
8,10,2500,63,0,Connie Morgan,B-,446-357-2750,33.67221103537691,-112.06653053050316
11,3,750,15,0,Mary Skaggs,A-,717-082-7294,33.20478340857291,-112.10813406844473
4,2,500,14,0,Dawna Wontor,O+,107-598-6103,33.33209049650684,-112.14231051883037
2,4,1000,43,0,Dana Loaiza,AB-,818-707-3278,33.2494982548333,-112.06627631621474
8,9,2250,58,0,Howard Mays,A-,958-608-2093,33.42451956577234,-112.0574609768194
8,8,2000,52,1,Claudia Key,O+,994-026-5216,33.51737120569579,-112.13419623641241
11,22,5500,98,0,Ryann Winslow,A+,486-379-9134,33.3404561408824,-112.17135940923497
4,3,750,25,1,Jacob Claxton,AB+,583-012-2207,33.428101946342125,-112.17077380331892
11,17,4250,79,1,Sandra Mccoy,B+,915-306-6436,33.54953876544534,-112.06270816381412
9,2,500,11,0,Clarence Meador,A-,807-858-1529,33.62036224704052,-112.06415114093498
4,5,1250,46,0,Jean Keys,AB-,247-166-7085,33.57126263589484,-112.16729326934271
11,12,3000,58,0,Debra Mullen,B-,506-714-2707,33.412559785254686,-112.00876847397095
7,12,3000,86,0,Margarita Harmon,AB+,939-470-8180,33.5724415098466,-111.97193048301368
11,2,500,11,0,Renee Sesler,A+,299-189-5341,33.204872508040886,-112.08766211130681
11,2,500,11,0,Betty Martin,A+,135-704-3913,33.198253729292254,-112.0682607873105
11,2,500,11,0,Kimberly Dimas,A-,781-642-8764,33.3406642318371,-112.08395035467386
2,6,1500,75,0,Willard Delaney,A+,392-788-1418,33.568693082053315,-112.02585918120961
11,8,2000,41,1,Josephine Douglas,A+,886-527-1980,33.407471143542764,-112.08267866583978
11,3,750,16,1,Jeremy Rogers,B+,658-853-0344,33.38772698518529,-112.00387702530747
12,13,3250,59,0,Doris Davis,B+,229-532-1715,33.48567628320736,-111.96894741604561
2,3,750,35,0,Mathew Carlson,B-,689-631-8111,33.560221548252834,-112.07370158036285
16,8,2000,28,0,Karen White,AB-,684-752-5260,33.70000846953247,-112.04682330586895
11,7,1750,37,0,Eileen Watson,A+,743-106-1165,33.43333478897509,-112.10558424341879
4,3,750,28,0,Yesenia Kraft,A-,783-234-0953,33.59683216346131,-112.1682438415847
12,12,3000,58,0,Tyson Owens,B+,982-502-6448,33.51199929523511,-111.96209375548382
4,4,1000,41,0,Michele Garabedian,AB+,655-023-8018,33.28773289385631,-112.12391371794779
11,14,3500,73,1,Barbara Nichols,AB+,278-688-7411,33.7052272240141,-112.06699979922105
2,2,500,23,0,Christopher Delarosa,A-,899-686-2435,33.5010529649043,-112.1796131964318
2,3,750,38,1,Dennis Hacher,B-,854-498-1131,33.35010666700343,-112.05732798080619
4,5,1250,58,0,Sandra Clift,B-,474-674-6490,33.44787423553528,-112.19531911321101
4,4,1000,43,1,Terrell Seto,B+,288-122-1715,33.47317395495818,-112.17597409576
3,2,500,23,0,David Moore,B+,411-800-0700,33.530193526060316,-111.95919249011969
11,8,2000,46,0,Marta Walker,AB-,455-497-9643,33.584162233188806,-112.04549982834548
4,7,1750,82,0,Linda Herzog,AB+,571-226-0964,33.556387119626464,-112.11345017378571
13,4,1000,21,0,Janice Chacon,O+,234-821-9815,33.58542965178638,-111.99843786385928
16,11,2750,40,0,Heather Brinegar,A+,689-527-0065,33.51979771909638,-112.15234067956287
16,7,1750,28,0,Dan Sepulveda,O-,119-557-3221,33.30155515696835,-112.10708999822913
7,2,500,16,0,Michael Holt,A+,259-652-4742,33.52172272406901,-111.97183757645271
4,5,1250,58,0,Heidi Mccane,AB+,311-449-2537,33.27263505580405,-112.03456753077737
4,5,1250,58,0,Lester Bailey,A-,190-772-8739,33.39764705191723,-112.07438783798786
4,4,1000,46,0,Janet Flynn,A-,526-254-6006,33.40862313557682,-112.0523179382158
14,13,3250,57,0,Nathan Stewart,B-,410-090-6803,33.279149266779314,-112.07566716968303
4,3,750,34,0,Holly Marsella,A-,255-256-6612,33.26279757129521,-112.13924871557357
14,18,4500,78,0,Alejandra Kruger,A+,953-871-6490,33.308231190922704,-112.1016426510813
11,8,2000,48,0,Marie Evenson,A+,771-711-0250,33.435230028705455,-112.05645215007007
14,16,4000,70,0,Julia Miller,B-,527-191-9164,33.60107757946831,-112.10871574829228
14,4,1000,22,1,Francisco Walls,A+,436-401-3084,33.52968165707218,-112.19812949894792
14,5,1250,26,0,Roger Weslowski,AB+,921-568-1818,33.442867720814384,-112.06226426988465
8,2,500,16,0,Angela Dean,AB-,240-002-6716,33.32581969844579,-112.01270099638772
11,5,1250,33,0,Madeline Buckner,A-,560-646-4961,33.61976353942566,-112.05979378229935
11,2,500,14,0,John Box,O-,509-789-3723,33.56840421396403,-112.08077757853322
4,2,500,23,0,Jon Barry,B+,237-328-2351,33.67310455135182,-112.13932501416568
9,2,500,16,1,Daniel Conklin,AB+,780-061-7119,33.4693465065173,-112.19845834440123
14,5,1250,28,1,Fredrick Bates,B-,529-481-5058,33.57719872373089,-112.07885798021135
14,3,750,19,1,Alexander Bermudez,AB+,384-529-8848,33.58589878210961,-112.04332990715378
14,4,1000,23,1,Marvin Grey,A-,247-484-6915,33.231478449637954,-112.02414964930088
16,12,3000,50,0,John Porter,O-,924-653-4742,33.47640117727366,-112.1172975441444
11,4,1000,28,0,Christine Hurtubise,AB+,797-425-1885,33.28722403694345,-112.06106924522685
11,5,1250,35,0,Ashley Albert,O-,659-623-2298,33.60681510977511,-112.14414325565411
11,5,1250,35,0,Rafael Valenzuela,O-,282-329-7194,33.455164889148044,-112.10236765833228
2,4,1000,70,0,Ethel Fields,AB+,216-833-2115,33.403577212963164,-112.10752531888332
14,5,1250,28,0,George Payne,O+,855-067-6043,33.47541292332979,-112.03620210312289
14,2,500,14,0,Isabelle Mccuen,A-,359-294-8274,33.519093270529474,-112.145561353849
14,2,500,14,0,Emmanuel Goss,AB-,858-104-7297,33.44785422209339,-112.16229270194823
14,2,500,14,0,Linda Whited,O+,441-516-7873,33.30994621114806,-112.04382350950821
14,2,500,14,0,Rebecca Hennessy,O-,785-417-9386,33.25552518522611,-112.07071992886182
14,2,500,14,0,Ray Spillett,B-,957-163-7544,33.419170156125105,-112.1187415613136
14,2,500,14,0,Cherise Peterson,A-,632-495-7257,33.666750889851265,-112.0210709658454
2,3,750,52,0,Eunice Plato,A+,364-177-7134,33.42491000736472,-112.05968540883498
14,6,1500,34,0,Rachael Harner,A+,517-296-4677,33.255535784179884,-112.13524172179555
11,5,1250,37,1,Leonard Hites,B-,722-467-3253,33.5142540477335,-112.14746163320925
4,5,1250,74,0,Kelli George,A+,347-782-5080,33.313872435624305,-112.00382857478172
11,3,750,23,0,Carmela Dartez,B+,188-095-3851,33.334913006570844,-112.19323292444777
16,4,1000,23,0,Deanna Hollander,B-,712-790-7245,33.590954709433404,-112.04098691710465
16,3,750,19,0,Merlin Queen,A+,191-768-0034,33.37144825680099,-112.145835265674
11,5,1250,38,0,Katie Bradley,AB-,928-147-0683,33.64609445003385,-112.09718886814242
11,2,500,16,0,Laura Ceballos,AB+,809-474-7238,33.542561814879654,-112.09725222073307
12,9,2250,60,0,Celia Beiler,O+,741-476-4100,33.277132010479484,-112.16701004490758
9,1,250,9,0,Jerry Beierle,A+,940-690-9164,33.33334763473355,-112.0197373178625
9,1,250,9,0,Ross Lagrone,B+,123-094-4384,33.581111066809406,-112.05518409518737
4,2,500,29,0,Gary Myers,B+,486-659-6214,33.46713575777093,-112.10711876784453
11,2,500,17,0,Mary Williams,O+,921-183-1739,33.316545795994756,-112.0923028736065
14,4,1000,26,0,Pamela Tolles,AB-,484-397-6668,33.60810702423213,-112.0940686720348
11,9,2250,72,1,Brenda Keller,AB-,983-746-1264,33.44778273464008,-112.0211143097788
11,5,1250,41,0,Hannah Cornwell,B+,140-822-3464,33.42096710878037,-112.19574011073261
15,16,4000,82,0,James Gutierrez,B-,465-008-8495,33.28074233775018,-112.06289720475473
9,5,1250,51,1,Dolores Hollingsworth,AB+,674-142-4582,33.57428807971802,-111.99105275605527
11,4,1000,34,0,Michele Labadie,AB-,800-850-1563,33.246374041910855,-112.1326427937018
14,8,2000,50,1,Angela Wachtel,O-,196-258-3361,33.464682757771584,-112.08553433338776
16,7,1750,38,0,Karla Johnson,B+,180-478-9132,33.32205961124076,-112.08893587405794
14,2,500,16,0,Bettina Brown,AB-,938-316-8877,33.25711637171609,-112.13984151881587
2,2,500,41,0,Louis Sanchez,AB+,565-511-4010,33.51623582037918,-112.10146635629339
14,16,4000,98,0,Eric Andrews,A+,523-264-9486,33.305310733923925,-112.0196853707442
14,4,1000,28,1,Rosa Thomas,AB-,338-827-9742,33.414163062256286,-112.08411532217411
16,7,1750,39,0,Mayra Hagerman,AB-,263-697-9884,33.67063067258594,-112.00983329657913
14,7,1750,47,0,Rosemary Rogers,O-,413-658-4173,33.597390435401365,-112.1154546571114
16,6,1500,35,0,Richard Humphrys,AB+,731-647-3048,33.27471849752516,-111.97771492281827
16,6,1500,35,1,Thomas Wood,O-,318-887-3785,33.387550346565945,-112.11462640640168
11,7,1750,62,1,Walter Copeland,AB+,875-598-0713,33.39150463835691,-112.15225463270792
16,2,500,16,0,Louis Clark,B+,924-851-1449,33.2425824797363,-112.01164385306774
16,3,750,21,1,Joseph Goodnight,AB+,925-587-9705,33.30310930321593,-112.04504690772578
11,3,750,28,0,Delia Coronado,A-,165-888-1220,33.68349946964997,-112.0903858341551
11,7,1750,64,0,Sandy Gee,A+,214-256-8648,33.30598312181976,-112.16830369799668
11,1,250,11,1,Sunny Alicea,A+,848-195-2917,33.65862394194351,-112.14775770521129
9,3,750,34,0,Carrie Jones,O-,279-220-8621,33.27898050788337,-112.14149492609046
14,4,1000,30,0,Brad Mcauliffe,A+,968-250-1583,33.450598310395236,-112.13433880032021
23,38,9500,98,0,Rochelle Melton,B+,320-867-1924,33.66057276409072,-112.07350632655782
11,6,1500,58,0,Rosalyn Leake,B+,223-046-5622,33.289145727864046,-112.10714457804752
11,1,250,11,0,Alonzo Drews,B+,829-226-5672,33.38594702470034,-112.00912006731991
11,1,250,11,0,George James,AB-,175-711-0127,33.31111012418849,-112.17083866491573
11,1,250,11,0,James Dingess,B-,499-337-2904,33.33216168649947,-112.14896331874037
11,1,250,11,0,Patricia Gardner,B-,879-228-4151,33.361873405003394,-112.14545291400867
11,1,250,11,0,Thomas May,A-,283-623-4484,33.35249780884597,-112.12855383864529
11,1,250,11,0,Nettie Mcpherson,O-,827-505-0125,33.47851641567198,-112.16605890647433
11,1,250,11,0,Lucy Tate,B-,744-274-6493,33.631295003433735,-112.01339071159785
11,1,250,11,0,Florine Ingram,B+,319-196-4125,33.3765171496028,-112.03910754014227
11,2,500,21,0,David Maynard,A-,988-865-9642,33.344124509006626,-112.01189200507919
11,5,1250,50,0,Myrtle Lambert,B+,662-750-3874,33.323363493067646,-112.08245468002352
11,2,500,21,0,Maria Andrews,B+,787-534-6682,33.679977102626616,-112.09177475002774
16,4,1000,28,0,Mike Mcdaniel,AB-,806-854-5505,33.557744896075185,-112.11055387648337
4,2,500,41,0,Roy Walters,B+,969-710-8216,33.49318723417737,-112.08666345182789
16,6,1500,40,0,Yvonne Skinner,AB-,984-367-8206,33.52575813689364,-112.02971343981619
14,3,750,26,0,Floyd Bussey,A+,952-063-7274,33.48936880488568,-112.10572995871986
9,2,500,26,0,Christy Southerland,B+,477-697-0632,33.25908755083964,-112.09403845091391
21,16,4000,64,0,Michelle Dixon,O-,754-657-5676,33.346774411226754,-112.13672653609987
14,6,1500,51,0,Devin Baldwin,O+,691-192-4833,33.39962808158127,-112.02419543166546
11,2,500,24,0,Sandra Naffziger,B+,113-875-4944,33.190897875755375,-112.06650963381534
4,3,750,71,0,Jennifer Chu,B+,322-349-7074,33.39723512451815,-112.04024838915385
21,13,3250,57,0,Mathew Dolly,AB-,961-219-0925,33.34233642535542,-112.03513910426437
11,6,1500,71,0,Terrie Villegas,O-,424-774-4063,33.3625763168398,-112.0486219754386
14,2,500,21,1,Harvey Hughes,B+,823-522-6954,33.56819228582836,-111.96465249506218
23,15,3750,57,0,Augustine Staley,O-,163-862-3359,33.37420439892056,-112.18617121370936
14,4,1000,38,0,Mary Kassab,AB+,569-135-7671,33.4688018366019,-112.20703185779665
11,2,500,26,0,Arthur Burback,O-,868-513-5584,33.617187338234494,-112.1228607593761
16,5,1250,40,1,Michael Boston,B+,852-856-1371,33.307396304948476,-112.0447662335834
4,2,500,51,1,James Roberts,B-,928-043-7063,33.506371865065624,-112.01333375483665
14,3,750,31,0,Brian Figley,B-,420-842-2314,33.57806062962335,-111.98904413762689
4,2,500,52,0,Bethann Espinoza,A-,654-734-9300,33.2929440234363,-112.05894618096079
9,4,1000,65,0,Javier Castellanos,O+,711-792-5742,33.639347827311866,-111.98341427106037
14,4,1000,40,0,Glenna Douglas,O+,237-457-9843,33.394761445268855,-112.14472562023384
11,3,750,40,1,Gerald Weber,O+,171-558-0187,33.36770288900542,-112.12461049942512
14,5,1250,50,0,Michael Rodgers,B-,988-348-4623,33.64194523365876,-111.99146176856271
14,1,250,14,0,Fae Gard,O+,742-871-9123,33.37355274203055,-112.07506836283105
14,1,250,14,0,Alfred Collins,AB-,546-285-1166,33.61389991309428,-112.15256629439381
14,1,250,14,0,Claire Pynes,A+,610-663-2494,33.35394343970783,-111.96314971225117
14,1,250,14,0,Sharon Stern,O+,232-176-4082,33.64277049023647,-111.98843881433663
14,1,250,14,0,Milagros Moore,A-,232-437-1223,33.57338309750241,-112.04772608782
14,1,250,14,0,Peter Pence,O-,194-290-3226,33.34299022726299,-112.06574253897988
14,1,250,14,0,Caitlin Xiong,B+,159-308-9552,33.636002389127555,-112.02628380963988
14,1,250,14,0,Judy Scott,B+,190-330-4819,33.39552463143077,-112.05418908592462
14,7,1750,72,0,Shelly Arnett,AB-,916-800-2903,33.63792976429685,-112.07940167324679
14,1,250,14,0,David Sotelo,O+,783-527-0608,33.26832464962687,-112.13168981109611
14,1,250,14,0,Marcus Spence,B-,238-722-0707,33.43955139787995,-111.94045977232719
9,3,750,52,0,Tami Bulfer,A-,708-335-8403,33.34050665490304,-112.1804500739892
14,7,1750,73,0,Heather Ricketts,O-,961-173-8445,33.47598123884258,-112.13317215735267
11,4,1000,58,0,Kristin Magee,O+,799-863-7312,33.654152601231914,-112.12003124870134
11,4,1000,59,0,Karen Devoll,AB-,666-174-7922,33.31589970106642,-112.0037725974716
4,2,500,59,0,Michelle Barnes,B-,543-589-4844,33.52425734442235,-112.0830007870605
11,4,1000,61,0,Clara Featherston,O+,466-136-9487,33.65694617427044,-112.08473296502133
16,4,1000,40,0,Travis Ramos,O-,369-403-5321,33.43070875777493,-112.07588211081577
16,10,2500,89,0,Robert Crews,A+,406-647-7772,33.34717501074987,-112.04107920661156
21,2,500,21,1,Eileen Creswell,B+,258-882-7494,33.351909789019466,-112.00804814145118
21,3,750,26,0,Douglas Hughes,A-,158-650-8909,33.45408842579679,-112.04809458253115
16,8,2000,76,0,Tim Brossard,O+,575-380-9741,33.469437821862655,-112.13807665115607
21,3,750,26,1,Matthew Lopez,B+,125-859-6412,33.36675740979578,-112.1620468415046
18,2,500,23,0,Janeen Williams,A-,602-292-8482,33.5418703269806,-112.17103393260845
23,5,1250,33,0,Jeffery Hernandez,A+,273-674-6951,33.353775340294604,-112.13754673832018
23,8,2000,46,0,Kimberly Riseden,AB-,415-627-1296,33.43559549654667,-112.15210247144738
16,3,750,34,0,Daniel Hebert,O+,326-732-0520,33.35767133087059,-112.03921623475422
14,5,1250,64,0,Brian Frazier,O-,824-577-9785,33.37797602025562,-112.08550182607001
14,3,750,41,0,Victor Scott,A+,778-099-6589,33.34815294778932,-111.96454364604064
16,1,250,16,0,Shirley Browers,AB-,593-581-6752,33.51428395373372,-111.99244790306948
16,1,250,16,0,Cassandra Slayton,AB+,814-637-9904,33.258328720082616,-112.12396791013407
16,1,250,16,0,Adam Cloud,A-,984-529-7194,33.51379811074528,-112.19371465351503
16,1,250,16,0,Delphia Jennings,A+,653-551-2233,33.39145670400789,-111.9818712553987
16,1,250,16,0,Blanca Perez,AB-,871-188-0066,33.67136166274672,-112.10852069149442
16,1,250,16,0,Katherine Swindell,B-,998-242-8894,33.530607126284536,-112.1797867939418
16,1,250,16,0,Johnny Johnson,A-,844-320-3599,33.39908810968204,-111.9629827454984
16,4,1000,45,0,Robert Mannella,O+,466-204-2423,33.69134385895147,-112.0953410472659
16,1,250,16,0,Richard Saling,A+,935-538-1767,33.352818542239774,-112.16878523669496
16,1,250,16,0,Ardith Gray,AB+,113-603-4690,33.56972236812871,-112.10228853651637
16,1,250,16,0,Raul Larsen,B-,714-444-7623,33.392455181858075,-112.19160589589275
16,1,250,16,0,Esther Cornelius,B-,661-113-5902,33.41785525151201,-111.94288404337956
16,1,250,16,0,Timothy Powell,B+,174-471-3225,33.42019143957956,-112.05605527279813
16,2,500,26,0,Edward Woodward,AB+,958-222-0831,33.447817597961894,-112.03708102808004
21,2,500,23,0,Susan Jackson,B+,111-529-2410,33.61955938066141,-112.07155212390732
16,2,500,27,0,Edward Allen,AB-,441-307-9444,33.36490044498977,-112.12226074852751
21,2,500,23,0,Barbara Yasso,AB-,243-482-9529,33.36957836715723,-112.06077350668026
21,2,500,23,0,Gary Rager,AB+,269-611-5852,33.34501555593214,-112.1207838453983
14,4,1000,57,0,Roberto Hamilton,AB+,874-249-3288,33.236047226264695,-112.05743086290383
16,5,1250,60,0,Richard Hardee,O-,461-630-8679,33.40597951667195,-112.17224815986643
23,2,500,23,0,James Mizer,O-,384-417-8458,33.41296485384946,-111.98504835501787
14,5,1250,74,0,Alan Bixler,B-,763-224-6510,33.36868146222983,-111.9986893344314
23,3,750,28,0,Michael Hawkins,AB-,223-282-4911,33.3158009989675,-112.13803620365843
16,3,750,40,0,Doris Severn,A+,322-325-4161,33.61532759749409,-112.06124955006617
9,2,500,52,0,Victor Allen,O+,261-390-5846,33.49237503339549,-112.18501630247958
9,2,500,52,0,David Haddock,B-,686-320-1192,33.641172441667116,-112.13270893282655
16,7,1750,87,1,Jessica Smith,AB+,407-785-1836,33.39064120776249,-112.13721007024455
14,4,1000,64,0,William Kraft,O+,130-627-4991,33.441855562470714,-112.07773682850875
14,2,500,35,0,Scott Shiflet,AB+,944-455-7243,33.31814848673655,-112.17707035300725
16,7,1750,93,0,Dominic Jones,A+,995-248-4322,33.42245779110625,-111.9901653841745
21,2,500,25,0,Edward Gomez,O-,223-842-5286,33.2701361662366,-112.07846646060325
14,3,750,52,0,Aaron Clary,AB-,183-696-0106,33.39657429779284,-112.18473152825963
23,14,3500,93,0,Jacki Hinz,B-,154-178-3435,33.2497730531466,-112.12919851687883
18,8,2000,95,0,Matthew Galea,B-,746-483-4235,33.60527665055178,-112.01289636884077
16,3,750,46,0,Steve Louis,AB-,303-242-5303,33.279234989150645,-112.1156193397971
11,3,750,76,0,Virginia Recher,AB-,353-682-6067,33.495219196972755,-112.0120444487935
11,2,500,52,0,Bradley Hutchinson,A-,104-001-1652,33.455113678153296,-111.98457163973728
11,3,750,76,0,Henry Brooks,A+,707-867-6512,33.34100303402815,-112.02076718515912
23,12,3000,86,0,Thomas Snyder,B+,119-256-5197,33.60419383476219,-111.98492559596036
21,3,750,35,0,Donald Segrest,O+,957-244-2642,33.58939601601665,-112.08777420871091
23,2,500,26,0,Margaret Tillman,AB+,954-151-8977,33.36320232634685,-112.10749742592746
23,2,500,26,0,John Gorski,B+,737-105-9851,33.47558825283057,-112.03013436605646
23,8,2000,64,0,Monique Theriot,AB+,881-541-4272,33.29922876298322,-111.99143522727049
16,3,750,50,0,Jason Bohlke,B-,126-745-9703,33.57519791066136,-112.18150490779844
23,3,750,33,0,Fabiola Krieger,AB+,228-363-7216,33.449727816954315,-112.06143845054821
21,3,750,38,0,Blake Wanda,A-,920-172-4458,33.43063163986112,-112.1630304993733
23,2,500,28,0,Helen Smallwood,B-,509-519-1860,33.571303331837164,-112.15964148788517
21,1,250,21,0,Jesus Mchenry,B+,449-165-4481,33.2710815143343,-112.0939162518905
21,1,250,21,0,Karen Simpson,B-,105-163-8121,33.4663942634613,-112.0428055186095
21,1,250,21,0,John Quinn,B+,835-683-6737,33.36804397971592,-112.04354033697105
21,1,250,21,0,Deborah Kennedy,A+,546-768-5389,33.29305969484865,-111.98725014096158
21,1,250,21,0,Gloria Lopez,B-,797-556-9449,33.58294342005319,-112.09286371633807
21,1,250,21,0,Amanda Baize,B+,368-850-4170,33.56055171033874,-112.16325855902872
21,1,250,21,0,Jennifer Dean,O-,529-733-1278,33.49433011942787,-112.07248748584898
21,1,250,21,0,Jimmie Ohmen,A-,534-445-2097,33.334466941126955,-112.17288460585317
21,1,250,21,0,Helen Pressley,AB-,220-176-0704,33.312301328358295,-112.12727020994183
21,1,250,21,1,Dominic Lanza,A-,973-517-9492,33.633906131612164,-112.15500535722408
21,1,250,21,0,Richard Carey,O+,405-722-0143,33.21854623006282,-112.10332620098966
21,1,250,21,0,Joy Butler,B-,841-585-3934,33.597811987580805,-112.17235989608194
21,5,1250,60,0,Brian Herrera,O+,707-297-1104,33.50264100854764,-112.16611026392839
23,4,1000,45,0,Julie Edens,O+,403-845-1374,33.56381349346455,-112.08281712448793
21,4,1000,52,0,Jill Johnson,AB+,261-247-4732,33.4954463613179,-112.14813970000174
22,1,250,22,1,Eugene Taylor,A+,594-685-5753,33.44981389514095,-112.14436209785485
11,2,500,70,0,Ronald Wattles,A+,846-129-0703,33.70313439889484,-112.06383728634117
23,5,1250,58,0,Mose Rehl,O-,317-264-5266,33.44422433511696,-112.16108232544393
23,3,750,40,0,Jerome Freeman,AB+,960-572-4381,33.62005902752398,-111.98412922458843
23,3,750,41,0,Ashley Satterthwaite,B-,117-396-2683,33.268218515287366,-111.98526198185837
14,3,750,83,0,Deborah Seymour,B+,754-741-1979,33.46181575426085,-112.00022681939285
21,2,500,35,0,Karen Mcconnell,B-,675-687-8523,33.426897391107424,-111.98658105230916
26,5,1250,49,1,Richard Hilton,O+,114-089-7840,33.42279889383378,-112.106388049349
23,6,1500,70,0,Brenda Valazquez,AB-,566-492-8621,33.62571725572444,-112.06010434040101
23,1,250,23,0,Carlene Matzke,AB-,801-275-3241,33.4083824482871,-112.18128639612219
23,1,250,23,0,Lucinda Love,A+,966-103-8388,33.23905269204962,-112.13497296705634
23,1,250,23,0,William Barsness,B+,162-645-8322,33.33515134239733,-112.12861736196403
23,1,250,23,0,Robert Robinson,AB+,308-636-9038,33.227865956038116,-112.08304691110976
23,1,250,23,0,Diana Chastain,B-,414-302-9015,33.70289191201555,-112.08013663999466
23,1,250,23,0,Brian Thompson,O-,960-663-1093,33.61375892190037,-112.02981402489783
23,1,250,23,0,Tim Oflaherty,B-,991-802-8554,33.3059741430052,-112.02852250997145
23,1,250,23,0,William Richardson,O-,110-365-3790,33.3431186535997,-111.97505558344997
23,4,1000,53,0,Walter Hoffmann,O+,880-215-6753,33.63820076250018,-112.06741130357254
21,6,1500,86,0,Esther Erhart,AB-,952-508-2806,33.396494026663184,-112.16619046632077
23,3,750,48,0,Jesus Johnston,B+,808-803-8169,33.22533900921191,-112.10620882844754
21,2,500,41,0,Ruby Thompson,O-,913-606-7393,33.257191112680076,-112.01776131518724
21,3,750,64,0,Nancy West,A-,719-486-5583,33.522333433893834,-112.18370947332649
16,2,500,70,0,Whitney White,A+,914-459-2607,33.231344455103354,-112.14299610819769
21,3,750,70,0,Shirley Lee,A-,736-730-9707,33.3033694347726,-112.11243362753544
23,4,1000,87,0,Randall Pena,B-,453-417-4129,33.45572668651827,-111.99577808533152
23,3,750,89,0,Raymond Cogdill,A-,825-832-6803,33.4481062836126,-112.17121931178009
23,2,500,87,0,Perry Cain,O-,332-035-6947,33.430660902363265,-112.07789686827667
35,3,750,64,0,Barry Mattingly,A+,575-180-7518,33.25059736756232,-112.0685302668228
38,1,250,38,0,Charles Moreno,AB+,435-785-6119,33.24094697008252,-112.07600249022279
38,1,250,38,0,Peter Morein,B-,631-480-3362,33.51510299012266,-112.1143014553977
40,1,250,40,0,Daniel Stone,B+,551-540-0105,33.219825179262216,-112.12036134564703
74,1,250,74,0,John Jones,A-,495-656-9692,33.34614344307571,-111.95755434290295
2,43,10750,86,1,Jesse Campbell,A+,892-273-8525,33.5233820102907,-112.11513998589288
6,22,5500,28,1,Joshua Acevedo,B+,830-194-3516,33.38503114354108,-111.98794587728635
2,34,8500,77,1,Mary Smith,O+,127-739-5864,33.53258707080651,-112.09603446458058
2,44,11000,98,0,Sybil Woods,AB+,686-451-4727,33.54588248347043,-112.1435634908563
0,26,6500,76,1,Daniel Vetrano,A+,184-327-9370,33.268247043650305,-112.10056787691066
2,41,10250,98,1,Dianna Thompson,AB-,489-311-0826,33.46321981829038,-112.18225936550544
3,21,5250,42,1,Stephanie Schreiber,O+,999-878-3958,33.61895337554996,-111.97672982507876
2,11,2750,23,0,Patricia Maupin,AB-,289-066-2716,33.43842478904965,-112.12258666837913
2,21,5250,52,1,Elizabeth Isip,AB+,201-337-7238,33.35330421726184,-111.97256550673977
2,13,3250,32,1,Jean Stubbs,B-,503-318-6623,33.45722690130568,-112.20030260713769
4,4,1000,4,1,Clayton Hatfield,A+,391-069-0925,33.57520764735296,-111.9571686562459
2,11,2750,26,0,Roland Messinger,AB+,569-085-0922,33.4150815490518,-112.14040622781731
2,11,2750,28,0,Beverly Meyers,AB-,523-673-0655,33.605028983275886,-112.08624661557764
3,14,3500,35,0,Tanya Dean,B+,846-762-7670,33.53137821832527,-112.0056418328465
4,16,4000,38,1,Gary Espinosa,O-,913-863-2803,33.23886897098127,-112.09836874260414
4,6,1500,14,0,Benjamin Escobar,O+,100-287-8831,33.251756333887144,-112.07243528621643
3,5,1250,12,1,Lisa Hancock,A+,837-103-2727,33.20641595193482,-112.03366732108536
4,33,8250,98,1,Norman Rasmussen,AB-,726-093-3147,33.33451741582077,-112.16611957589224
3,10,2500,33,1,Susan Wingfield,A-,260-560-9075,33.34977749691103,-112.03696641089047
4,10,2500,28,1,Lashawn Jones,AB+,921-549-8559,33.70167633193227,-112.08072789551554
2,11,2750,40,1,Jose Harmon,O-,247-444-1714,33.407304221939384,-112.15205961316276
2,11,2750,41,1,Nellie Spurlock,AB+,168-589-4246,33.444021891388445,-111.95878943582424
4,13,3250,39,1,Martin Wells,AB+,765-789-5922,33.432824368982786,-112.19646731499635
1,10,2500,43,1,Marylee Winchell,A-,807-428-7724,33.272674176204546,-112.11714025704312
4,9,2250,28,0,Anita Castro,AB+,990-682-0313,33.231934431847044,-112.07195207657463
2,4,1000,11,0,Molly Field,AB-,272-690-7932,33.48398692634894,-112.18065262796522
2,5,1250,16,1,Nancy Nichols,AB-,479-240-3643,33.681428573074015,-112.07189277611192
2,15,3750,64,0,Ernest Stetson,O+,736-355-5010,33.473890094400005,-112.0103362233839
5,24,6000,79,0,Eleanor Figg,A+,432-481-6234,33.62963207454663,-112.08629766200393
2,6,1500,22,1,Tara Slocum,B+,826-585-8543,33.63226083608716,-112.0443291695389
4,5,1250,16,1,Gordon Davis,B+,719-819-8907,33.256300450704,-112.02404776804951
2,4,1000,14,1,Karen Bailey,A+,316-244-1268,33.59581431563606,-112.15375478649044
4,8,2000,28,0,Ilda Blue,A+,931-417-9541,33.540669793319005,-112.09816779254149
2,4,1000,14,0,Jack White,A-,988-391-9696,33.457317796514424,-112.12525509281937
2,6,1500,26,0,Suzette Goldberg,A-,782-441-9543,33.416759711184284,-112.11161499566398
4,5,1250,16,1,Karl Gerecke,A+,509-046-8272,33.68304957143957,-112.02014219160068
2,7,1750,32,1,Jeanette Jackson,AB+,564-279-9434,33.194577581441926,-112.06354874452084
2,6,1500,26,1,Carlos Eastburn,A+,939-044-2594,33.36451919506953,-112.17678753671873
2,8,2000,38,1,Ginger Lomago,B+,915-741-4870,33.41950867091101,-112.08650620409838
2,2,500,4,1,Lucille Hampton,B-,513-044-1774,33.446973970038485,-112.1356613438083
2,6,1500,28,1,Meredith Gardner,O-,896-430-8603,33.49174155287129,-112.19407786442552
2,10,2500,52,0,Manuel Middleton,A-,553-014-1184,33.47039982250064,-111.94058452772126
4,16,4000,70,1,Kurt Lowman,AB-,630-546-2912,33.270820664835234,-111.99358828782312
4,2,500,4,1,Virginia Franklin,A-,389-533-5698,33.553348283202524,-112.07970327683317
1,14,3500,95,0,Larry Russo,O+,712-459-9642,33.41431563465674,-112.16576261175234
4,2,500,4,1,Dominic Sultan,AB-,175-161-5993,33.37180963588331,-112.11052489083296
7,14,3500,48,0,Eddie Castle,AB+,206-391-1600,33.56902756926723,-112.06438654159463
2,3,750,11,0,Deborah Mcdermott,AB-,841-333-4316,33.610067565420955,-112.11665545433523
2,12,3000,70,1,Alvin Towner,AB+,956-588-7721,33.39424029251512,-112.018766147478
4,7,1750,32,1,Brent Santiago,B+,635-869-1094,33.555602099081035,-112.03169105095046
4,4,1000,16,0,Michael Kaina,O-,931-535-2899,33.518826328001914,-112.14542744115982
2,6,1500,35,1,Thomas Norris,B+,405-331-5733,33.45391730135303,-112.11537460894809
4,6,1500,28,1,Jack Powell,AB-,281-502-2442,33.63194243058591,-111.97906648495521
2,3,750,14,0,Mark Tompkins,A-,674-707-7630,33.522839969136726,-112.03661750328531
2,4,1000,23,0,Ralph Benson,A-,720-093-8645,33.55503874408783,-112.18118943703665
4,4,1000,18,0,Derek Weaver,O-,273-675-9782,33.234011695405904,-112.13938151863935
5,6,1500,28,0,Robert Nicholson,B+,178-610-4588,33.355627925665324,-111.97602454269564
4,6,1500,30,0,Charles Twyman,A-,976-115-1660,33.679782155746835,-112.06936552750017
14,5,1250,14,0,Melissa Durso,O+,154-520-3417,33.37586207935923,-112.11734294677521
3,8,2000,50,0,Norma Nobles,B+,523-097-8181,33.39531212961794,-112.09267694708409
4,11,2750,64,1,Curtis Rasmussen,B+,183-499-5181,33.28351961258704,-112.11252550915684
4,9,2250,52,0,Judy Gramm,O-,294-768-3263,33.58623462119407,-112.09539143200512
4,16,4000,98,1,Valencia Walker,B-,738-281-3324,33.43537079035224,-112.1732505329489
7,10,2500,47,0,Jean Tsai,AB+,377-437-3763,33.547317872702145,-111.95149938018159
4,14,3500,86,0,Dana Eddy,A-,210-609-5296,33.404934917611165,-112.19710438390888
2,9,2250,75,0,Robert Moll,AB-,621-614-5847,33.459866874403126,-112.19764366711802
4,6,1500,35,0,Preston Bryant,O+,944-321-4191,33.57312820430146,-112.03820426704388
4,9,2250,55,0,Alexis Meyer,A-,806-567-2700,33.59287021714681,-112.05706666910676
4,6,1500,35,1,Linda Sell,B-,605-059-8946,33.62932878853918,-112.00501614189936
2,6,1500,45,0,Jesus Newman,A+,851-133-7235,33.50348031224074,-112.01037279838282
2,6,1500,47,0,Rafael Lopez,A-,213-740-6253,33.518375547808795,-111.97175363170508
4,2,500,9,0,Billy Hyde,A+,547-005-0947,33.35129830987551,-112.18632248580208
2,2,500,11,1,Wanda Rich,AB-,127-852-8540,33.31604136486608,-111.97015900339193
2,2,500,11,0,John Lawrence,O-,243-799-7800,33.417342710716284,-111.9743381988775
2,2,500,11,1,Teresa Reigstad,O-,400-776-7436,33.446196780771565,-112.1277258855619
4,6,1500,38,1,Linda Nease,A+,187-561-6549,33.40671911472656,-111.9458889683822
3,4,1000,29,1,Kenneth Gregory,O+,709-299-1639,33.22086175364128,-112.06998651729702
9,9,2250,38,0,Thelma Letendre,AB-,418-079-0669,33.5063592905798,-112.0481463438096
11,5,1250,18,0,Diane Dombroski,A-,921-075-5137,33.45870360198792,-112.10971220584189
2,3,750,21,0,Margaret Gentry,A+,982-194-3460,33.407685952205604,-111.94168525255172
2,1,250,2,0,Matthew Houston,AB+,207-313-2443,33.502107160130876,-111.98734908040262
2,1,250,2,1,Kim Aaberg,O-,200-093-2246,33.618256524639754,-111.9922290075563
2,1,250,2,0,Charles Brumfield,B-,729-255-4476,33.409680461434995,-111.9735972404847
2,1,250,2,0,Clifford Stuckey,AB-,110-471-7216,33.51917743867705,-112.20061699628542
2,1,250,2,0,Diana Hibbard,A+,122-001-3561,33.24689196777718,-112.06474055398573
2,1,250,2,0,Lynda Sands,B+,314-397-8726,33.51792569838492,-112.16724272335095
2,1,250,2,1,Patricia Baker,B-,951-660-6004,33.387141241091896,-112.1224809184505
2,1,250,2,0,David Pearsall,AB-,884-765-2011,33.39480710687359,-111.98978455360961
2,1,250,2,0,Sandra Theriault,A-,425-098-4930,33.40269146545129,-112.16774720398388
2,1,250,2,0,Alan Obrian,AB+,603-237-6561,33.427162018022884,-112.20438225089812
2,1,250,2,0,Diane Murphy,AB+,933-598-2803,33.24158154553908,-112.130356415644
11,11,2750,38,0,Deborah Marble,A+,340-070-3201,33.59654265244428,-112.17947930763445
2,3,750,22,0,Randolph Ezell,AB-,918-056-7065,33.32296669040575,-111.98457037770093
9,11,2750,49,1,Amy Wirth,B+,252-546-1346,33.61022996713355,-112.0709487804995
5,11,2750,75,0,Brett Shearer,A-,743-735-2266,33.516266792836795,-112.05617585439843
3,5,1250,38,0,Lisa Stepp,AB+,656-849-6004,33.506085846962726,-112.17277852375189
3,1,250,3,1,Clyde Remington,B+,713-693-7917,33.495014284285794,-112.04520097078878
4,6,1500,43,0,Chad Wood,B+,894-422-5826,33.59809652977878,-112.15920033671959
2,3,750,24,0,Julia Sanders,O-,118-494-8034,33.45004223538745,-112.02598099411185
12,11,2750,39,0,Jack Nance,O+,624-348-6587,33.26941846778175,-112.07772572413022
2,2,500,14,0,Ross Loney,AB-,240-300-1858,33.66948471371991,-112.14383926873647
4,6,1500,46,0,Katherine Milligan,A+,641-308-8338,33.39827849655575,-112.10197234206454
9,3,750,14,0,Rosalie Eshelman,B+,312-672-5689,33.44126790484123,-112.01025685496018
14,8,2000,26,0,Samantha Tagliente,B-,216-120-7044,33.19446609615051,-112.05946190240074
4,2,500,13,0,Julie White,O-,372-165-8260,33.39270744985293,-112.01619155904359
4,11,2750,95,0,Ellen Street,O-,297-578-3327,33.22455334786649,-112.09568807109271
2,7,1750,77,0,William Stalling,A+,634-555-1348,33.28574532878255,-111.97653070102845
2,7,1750,77,0,Maricela Scott,B-,181-443-3510,33.472989779574554,-112.1747691029452
4,1,250,4,0,Matthew Catchings,AB-,803-152-4460,33.657699393143744,-112.06166320510007
4,1,250,4,0,Victoria Right,B-,217-809-0964,33.4992097017681,-112.1188077389668
4,1,250,4,0,Rita Mason,AB+,452-394-8900,33.56156651882832,-112.16498064679747
4,1,250,4,0,Terrence Johnson,AB-,144-621-1583,33.54352118686156,-112.18813064997705
4,1,250,4,1,Mae Nystrom,B+,651-593-4714,33.37171983068346,-112.14479266900453
4,1,250,4,0,Holly Dehaan,O-,518-728-3120,33.55145310553778,-112.12196620149635
4,1,250,4,0,Howard Echeverria,B+,790-502-7834,33.418871770225365,-112.02568423163567
4,1,250,4,0,Vincent Dixon,B-,361-018-4890,33.55575800683482,-112.0645954740738
4,1,250,4,0,Michele Bagshaw,AB-,854-458-6140,33.62102009352035,-112.00607124823352
4,1,250,4,0,Charlotte Amorosi,A+,715-792-3987,33.35938144654358,-111.96778860898529
4,1,250,4,1,Cheryl Mcgray,A-,803-739-0934,33.5575944356106,-111.97485659166708
4,1,250,4,0,Alice Marotta,B+,593-169-0120,33.339291063030686,-112.13164769444816
4,7,1750,62,0,Norma Begay,B-,687-463-2271,33.253082485732826,-112.01456932432356
4,1,250,4,0,Kenneth Kiffer,B-,674-436-5059,33.31621740491505,-112.02592842668555
4,4,1000,34,1,Carlton Brown,O+,929-729-8323,33.38056229325671,-112.05925292515104
11,6,1500,28,0,Joseph Lynch,B-,422-690-4407,33.51324834059227,-111.99533660583518
13,3,750,14,1,Richard Lee,O-,139-198-1548,33.53631698960548,-111.95076887295068
7,5,1250,35,0,Elizabeth Mclin,A-,827-152-6917,33.47137377315344,-111.95452412665489
9,9,2250,54,0,Veronica Stickfort,O+,877-797-6266,33.51195783907895,-112.13417183137085
11,2,500,11,0,William Hood,A-,906-086-9435,33.27932747388281,-111.97498164262801
2,5,1250,63,0,George Lenart,AB+,245-538-8601,33.60178989280864,-112.14812421815014
7,11,2750,89,0,Rachel Woodworth,A+,104-345-5989,33.47732587934613,-111.94101673855505
8,9,2250,64,0,Alex Stovall,O+,800-310-9734,33.44636191208087,-112.03020770013917
2,2,500,22,0,Owen Smith,AB+,221-553-3175,33.4509676281364,-112.0653131699692
6,3,750,26,0,Joyce Inverso,B+,149-864-3393,33.391363384776426,-112.18741130529774
12,15,3750,71,0,Dewayne Brubaker,A-,426-056-7857,33.494987938519145,-112.02671686866844
13,3,750,16,0,Marc Hoskins,O-,854-417-6402,33.6759536919679,-112.11089358601622
11,16,4000,89,0,Carey Taylor,AB-,725-604-4415,33.31595229619899,-112.01985162439571
4,5,1250,58,0,Billy Foster,A-,754-760-7033,33.51141475911422,-112.16318144445228
14,7,1750,35,0,Donna Rowden,B+,250-493-0571,33.28166828705086,-112.07718623672456
11,4,1000,27,0,Ruth Riley,AB+,400-752-0249,33.39845022002828,-112.16260919766385
7,9,2250,89,1,Carmen Gomez,B+,692-021-9950,33.55762041732938,-111.96500941803201
11,8,2000,52,1,Stephen Lamay,B+,881-692-3702,33.54211044217894,-112.06937690436311
7,5,1250,52,0,Ann Marion,B-,505-857-5125,33.32237816502008,-112.11452799003793
11,6,1500,41,0,Irene Summers,O-,180-878-5966,33.6274517430109,-112.0131923134218
10,5,1250,38,0,Delfina Luckie,B+,937-252-8246,33.35805509345388,-111.99047272481
14,2,500,14,1,Merle Venable,O-,602-123-6786,33.50935209562432,-112.15059013277643
14,2,500,14,0,Terrell Mcinnis,B+,102-041-0357,33.63712892213356,-112.01905442486063
14,2,500,14,0,Sue Mullins,A-,822-087-8244,33.26323790467015,-112.0233735305052
2,2,500,33,0,Pauline Grosse,AB+,948-857-0574,33.584537682341605,-112.13208431888869
11,3,750,23,0,Matthew Jenkins,B+,641-711-1118,33.579848095128916,-111.9825328459198
14,8,2000,46,0,Kandra Scott,O+,626-490-9562,33.49305960164045,-111.97817314505917
9,1,250,9,0,Erin Cormier,AB-,308-166-3612,33.36789042508823,-111.99912115506761
16,5,1250,27,0,Maria Howe,O+,427-540-7751,33.3954556256035,-112.12272548721926
14,4,1000,26,0,Charlie Wade,B-,310-400-7404,33.59582507656248,-112.1531514272446
4,2,500,30,0,Barry Vedder,O-,470-187-1699,33.38979520168257,-112.19060860356691
14,3,750,21,0,Frankie Nolasco,A-,652-718-6198,33.35436075887002,-112.05699566775931
16,16,4000,77,0,James Parkman,A+,104-453-8358,33.33767347342932,-112.03967267164958
4,2,500,31,0,Gwendolyn Dobbins,AB+,782-337-5166,33.23486051331058,-112.07039569043806
14,8,2000,50,0,Hans Graham,A-,613-687-7494,33.53504536298408,-112.19304101204793
11,3,750,26,0,John Stockman,A-,757-787-7658,33.70598496609525,-112.07222746552408
14,7,1750,45,0,Carl Hilty,AB-,604-344-1929,33.481619215008095,-112.04932724580897
15,5,1250,33,0,David Beck,AB-,138-301-2730,33.57436416269863,-112.13682422415118
16,2,500,16,0,Victor Pope,O+,836-013-6148,33.50677467502311,-112.19416778275918
16,3,750,21,0,James Sanchez,AB-,329-636-4213,33.664096103382,-112.14594034959744
11,8,2000,72,0,Chad Douglas,A+,621-444-2670,33.555468301327345,-111.99494189191431
11,1,250,11,0,Duncan Howard,B+,909-104-9006,33.451418638917815,-111.9583615640119
11,1,250,11,0,Alan Southward,O-,944-073-2098,33.43397280612621,-112.18621380101415
11,1,250,11,0,Joseph Randle,A-,939-103-9564,33.241247401605236,-112.14697404874379
11,1,250,11,1,Charlie Breden,O-,435-631-2208,33.47283251518922,-112.012404380949
11,1,250,11,0,Ernest Edwards,B-,477-546-4795,33.4736381229345,-112.00537788871696
2,3,750,75,1,Richard Seitz,B+,800-060-4955,33.48220360338162,-112.19794390894653
2,3,750,77,0,Linda Green,A+,843-673-5228,33.21006935634337,-112.10850769462135
16,4,1000,28,0,Bettye Stoller,O+,124-128-3011,33.60014004077433,-112.019430946802
16,15,3750,87,0,Gracie Bass,A-,338-575-0329,33.48840599640057,-112.08346978165238
16,14,3500,83,0,James Cortez,AB-,753-610-5045,33.481419231739146,-112.00059167523727
16,10,2500,62,0,Sheila Castillo,AB+,978-506-8782,33.46191147960752,-111.94385658421817
16,3,750,23,0,Mary Avans,B-,295-142-1874,33.31428452275887,-112.04124554272454
14,3,750,26,0,Guy Tullar,B-,704-178-6832,33.555863763238285,-112.04768858014441
23,19,4750,62,0,Jackie Green,O-,358-039-0651,33.637230963890445,-112.04013493270615
11,7,1750,75,0,Carol Coleman,O-,298-546-8589,33.37501528516386,-112.08315009692282
14,3,750,28,0,Margaret Cummings,AB-,186-866-7077,33.491460609850094,-112.09170945180946
20,14,3500,69,1,Monica Nollman,A+,546-584-8464,33.240574998468155,-112.14370335069066
4,2,500,46,0,Robert Johnson,A-,467-149-2013,33.39106953386437,-112.16210039795376
11,2,500,25,0,Jonathan Phillips,O-,329-008-9799,33.21720167061616,-112.1050411578867
11,3,750,37,0,Danny Rodriguez,AB-,487-465-4138,33.573658010967684,-112.15216531390986
16,4,1000,33,0,Michael Hufft,A-,125-540-1907,33.42120041953656,-112.19422669269385
21,7,1750,38,0,Christopher Allen,B-,779-824-9684,33.45304720664976,-112.15322792228923
13,7,1750,76,0,Pedro Jones,B+,173-212-4438,33.46497473956423,-112.05914312794212
16,6,1500,50,0,James Wicks,B+,637-461-0678,33.479908527191135,-112.07555633136319
14,3,750,33,0,Vernon Mckenna,AB+,590-580-9997,33.538070759642444,-112.18154075480015
14,1,250,14,0,Berniece Crayton,B-,685-457-6099,33.3950175625358,-112.10057566494216
14,1,250,14,0,Stephen Sellers,A+,731-117-5220,33.3674334504333,-112.07003348295011
14,1,250,14,0,James Anderson,B+,678-692-0909,33.249551417700026,-112.10652274824629
14,1,250,14,0,Amy Clark,B-,205-483-8017,33.59715316972823,-112.06750366395933
14,1,250,14,0,Robert Tavares,AB-,836-399-0452,33.29499306783879,-111.98785344484615
14,1,250,14,0,Brenda Casson,O+,903-761-0441,33.62874415175353,-112.15482205064349
17,7,1750,58,1,Maria Davis,B+,103-825-4034,33.37692651612541,-112.09418861004295
14,3,750,35,0,John Lynch,A+,844-838-4448,33.30956621341628,-112.13008340680891
14,3,750,35,0,Esther Stoney,A-,110-054-8608,33.57225464767005,-112.0173818477891
16,7,1750,64,0,Joy Mack,B-,982-338-7988,33.54649400782286,-112.09981311652179
21,2,500,21,0,Teresa Dunn,AB+,539-214-3571,33.31635044121613,-112.00179136244898
16,3,750,35,0,Steven Marashio,B+,196-865-0234,33.35064180880623,-112.01485417805013
16,1,250,16,0,Angela Jordan,O-,493-796-7635,33.35766918299477,-112.16166951577776
16,1,250,16,0,Neil Lawless,A+,602-046-5838,33.20762894766102,-112.06563630355141
16,1,250,16,0,Larry Floyd,AB-,246-620-8543,33.43595270857623,-112.00269642663469
16,1,250,16,0,Toi Enstad,AB-,397-829-5577,33.312109886142316,-112.15833182307468
16,1,250,16,0,Ella Johnson,AB-,951-169-0309,33.52019647529661,-111.99652775932171
14,2,500,29,0,Richard Gourley,B+,820-287-7871,33.3386014609543,-112.15779801603625
11,4,1000,74,0,Seymour Hardison,O-,289-504-7801,33.47184731270103,-112.17966433151437
11,2,500,38,1,Joan Murray,O-,569-522-9233,33.25908363353377,-112.06826812372047
21,6,1500,48,0,Carol Wiedman,AB-,561-623-8424,33.32335197665712,-111.9714747662752
23,2,500,23,0,James Spohr,O-,647-231-7404,33.47433308002041,-111.98617516498668
23,6,1500,45,0,Russell Calle,B+,279-291-6934,33.30251712775152,-112.0404220922353
14,2,500,35,1,Sherry Ricker,AB+,728-503-1527,33.359557810959316,-112.11325574834106
16,6,1500,81,0,Steven Lindsay,O-,939-639-8559,33.33557906686043,-112.0620974240657
16,4,1000,58,0,William Roberts,B+,464-194-5086,33.59885990988792,-112.00770548996216
16,5,1250,71,0,Elizabeth Groomes,B+,668-639-5136,33.42867934244122,-112.04344797973366
21,2,500,26,0,Albert Courtney,AB+,916-525-1644,33.36988439293333,-112.00818468968372
21,3,750,35,0,William Baker,A-,797-428-5173,33.50433406532407,-112.18294387445441
21,3,750,35,0,Darlene Wise,O+,891-619-7571,33.35728029961556,-112.12262286668407
23,8,2000,69,0,Ruth Rice,AB-,206-408-3065,33.62888639228238,-112.01115061178697
21,3,750,38,0,Bessie Jones,AB+,247-835-3520,33.45258784350663,-111.9879088612873
23,3,750,35,0,Jacob Mons,O-,965-023-8450,33.499789436367564,-112.10308761131306
21,3,750,40,0,Delmer Badgett,O-,856-450-8991,33.3262863851176,-112.14353520550398
23,2,500,28,0,Joseph Matz,B+,746-158-0493,33.43477362922437,-111.99484326982163
21,1,250,21,0,Gregory Dunlap,O-,812-546-9821,33.31509986718698,-111.97896517176687
21,1,250,21,0,Richard Ratermann,A-,718-619-0100,33.53461520306975,-112.06126017574498
25,6,1500,50,0,Alicia Galvin,A+,548-128-1922,33.43911255245478,-112.19158717224734
21,1,250,21,0,David Julian,O-,366-763-7599,33.361656461227035,-111.95480664937115
21,1,250,21,0,Carl Bolyard,AB-,487-442-6236,33.31919610805387,-112.06539199905593
23,3,750,39,0,Jason Norris,O-,759-132-9082,33.55389929076101,-112.02106095289113
21,2,500,33,0,Justine Ellis,A+,732-341-9052,33.55975696055,-112.18340825430589
14,3,750,79,0,Joanne Sabir,B+,200-023-6305,33.44430054871248,-112.04178449445814
23,1,250,23,1,Robert Jones,O-,309-807-1783,33.46477192271733,-111.99936385068197
23,1,250,23,0,Bryan Lombardi,AB+,803-103-7067,33.41576774501047,-112.13183180171303
23,1,250,23,0,Carol Foster,A+,763-150-0985,33.66232576736226,-112.14558389732764
23,1,250,23,0,Louis Schuster,B-,697-272-0460,33.499934694913186,-112.18952696000703
23,1,250,23,0,David Roche,AB+,802-486-3566,33.64648729634101,-112.1497671550786
23,1,250,23,0,Roger Fanno,O-,548-647-8635,33.310561916660276,-112.11035725419563
23,1,250,23,0,Mary Richardson,B-,766-875-7304,33.59486509661352,-112.12116986583739
23,4,1000,52,0,Terri Davis,B+,821-565-5291,33.34759260867959,-112.02989672679196
23,1,250,23,0,Patti Tang,AB-,632-817-6033,33.43874995730193,-112.10908249943611
23,7,1750,88,0,Maynard Brock,AB+,155-286-1409,33.42524473069068,-112.10295228781291
16,3,750,86,0,Kenneth Niday,A+,418-711-4304,33.25208052351912,-112.11574584321825
23,2,500,38,0,Cletus Briggs,A-,958-447-3900,33.483670748245174,-112.17618876766234
21,2,500,52,0,Craig Smith,AB-,261-666-2878,33.31023814950299,-112.00545986101675
23,3,750,62,0,Virginia Wilkinson,AB-,839-303-9360,33.59862959351608,-111.99615859548895
39,1,250,39,0,Kris Romano,O-,214-324-3289,33.48181933169832,-112.11024871326661
72,1,250,72,0,Grace Edmonds,AB-,877-732-4461,33.382242664886846,-112.02006919663724
